INSERT INTO roles (id, rol) VALUES (1, 'cliente');
INSERT INTO roles (id, rol) VALUES (2, 'admin');
INSERT INTO roles (id, rol) VALUES (3, 'vendedor');
INSERT INTO metodos_pago (id, tipo) VALUES (1, 'tarjeta');
INSERT INTO metodos_pago (id, tipo) VALUES (2, 'efectivo');
INSERT INTO metodos_pago (id, tipo) VALUES (3, 'transferencia');
INSERT INTO metodos_pago (id, tipo) VALUES (4, 'paypal');
INSERT INTO usuarios (id, nombre, email, contrasena, fecha_registro) VALUES (1, 'Allison Hill', 'user1@example.com', '$sXJd4P@22S4', '2025-03-04');
INSERT INTO usuarios_roles (usuario_id, rol_id) VALUES (1, 3);
INSERT INTO usuarios (id, nombre, email, contrasena, fecha_registro) VALUES (2, 'Donald Lewis', 'user2@example.com', '*mWCgRyGS1X^', '2024-06-23');
INSERT INTO usuarios_roles (usuario_id, rol_id) VALUES (2, 1);
INSERT INTO usuarios (id, nombre, email, contrasena, fecha_registro) VALUES (3, 'Patricia Galloway', 'user3@example.com', 'Ln0Eidc^$R1M', '2024-08-30');
INSERT INTO usuarios_roles (usuario_id, rol_id) VALUES (3, 1);
INSERT INTO usuarios (id, nombre, email, contrasena, fecha_registro) VALUES (4, 'Sarah Parsons', 'user4@example.com', 'H%tTk3Or$0_Z', '2024-11-19');
INSERT INTO usuarios_roles (usuario_id, rol_id) VALUES (4, 3);
INSERT INTO usuarios (id, nombre, email, contrasena, fecha_registro) VALUES (5, 'Jennifer Robinson', 'user5@example.com', 'h8++cWGW#6Pc', '2025-03-24');
INSERT INTO usuarios_roles (usuario_id, rol_id) VALUES (5, 2);
INSERT INTO usuarios (id, nombre, email, contrasena, fecha_registro) VALUES (6, 'Martin Rodriguez', 'user6@example.com', '2q7P1OqA&a+i', '2024-12-12');
INSERT INTO usuarios_roles (usuario_id, rol_id) VALUES (6, 1);
INSERT INTO usuarios (id, nombre, email, contrasena, fecha_registro) VALUES (7, 'Timothy Koch', 'user7@example.com', 'qw&B^ih)%S73', '2025-02-28');
INSERT INTO usuarios_roles (usuario_id, rol_id) VALUES (7, 1);
INSERT INTO usuarios (id, nombre, email, contrasena, fecha_registro) VALUES (8, 'Eric Carney', 'user8@example.com', 'L6%OqV!e_%5C', '2024-12-11');
INSERT INTO usuarios_roles (usuario_id, rol_id) VALUES (8, 1);
INSERT INTO usuarios (id, nombre, email, contrasena, fecha_registro) VALUES (9, 'Carlos Walls', 'user9@example.com', 'k92PJhMf)y*H', '2024-11-27');
INSERT INTO usuarios_roles (usuario_id, rol_id) VALUES (9, 3);
INSERT INTO usuarios (id, nombre, email, contrasena, fecha_registro) VALUES (10, 'Clifford Ford', 'user10@example.com', '@aS@7hZrNps0', '2024-09-24');
INSERT INTO usuarios_roles (usuario_id, rol_id) VALUES (10, 1);
INSERT INTO usuarios (id, nombre, email, contrasena, fecha_registro) VALUES (11, 'Tyler Cowan', 'user11@example.com', '9(7Sh%VPpgE^', '2025-05-06');
INSERT INTO usuarios_roles (usuario_id, rol_id) VALUES (11, 3);
INSERT INTO usuarios (id, nombre, email, contrasena, fecha_registro) VALUES (12, 'Bryan Zamora', 'user12@example.com', '$9VQv3ebHTAB', '2025-01-10');
INSERT INTO usuarios_roles (usuario_id, rol_id) VALUES (12, 3);
INSERT INTO usuarios (id, nombre, email, contrasena, fecha_registro) VALUES (13, 'Angel Lewis MD', 'user13@example.com', '91SAllRb^u*H', '2024-08-05');
INSERT INTO usuarios_roles (usuario_id, rol_id) VALUES (13, 3);
INSERT INTO usuarios (id, nombre, email, contrasena, fecha_registro) VALUES (14, 'Larry Robbins', 'user14@example.com', '4p$Yn$C)$+KQ', '2025-05-23');
INSERT INTO usuarios_roles (usuario_id, rol_id) VALUES (14, 1);
INSERT INTO usuarios (id, nombre, email, contrasena, fecha_registro) VALUES (15, 'Andrew Wood', 'user15@example.com', '$E2(#EebETqN', '2024-06-15');
INSERT INTO usuarios_roles (usuario_id, rol_id) VALUES (15, 3);
INSERT INTO usuarios (id, nombre, email, contrasena, fecha_registro) VALUES (16, 'Tim Patton', 'user16@example.com', 'k&qpIfMAk432', '2024-12-20');
INSERT INTO usuarios_roles (usuario_id, rol_id) VALUES (16, 2);
INSERT INTO usuarios (id, nombre, email, contrasena, fecha_registro) VALUES (17, 'William Herrera', 'user17@example.com', '!y#WDkfy1sI$', '2025-03-12');
INSERT INTO usuarios_roles (usuario_id, rol_id) VALUES (17, 1);
INSERT INTO usuarios (id, nombre, email, contrasena, fecha_registro) VALUES (18, 'Nancy Gonzalez', 'user18@example.com', 'Yb1skbCdT&bV', '2024-11-10');
INSERT INTO usuarios_roles (usuario_id, rol_id) VALUES (18, 1);
INSERT INTO usuarios (id, nombre, email, contrasena, fecha_registro) VALUES (19, 'April Mitchell', 'user19@example.com', 'BK&Tuxga9b9&', '2024-06-15');
INSERT INTO usuarios_roles (usuario_id, rol_id) VALUES (19, 1);
INSERT INTO usuarios (id, nombre, email, contrasena, fecha_registro) VALUES (20, 'William Carr', 'user20@example.com', '7fGH_csu@j4N', '2025-01-08');
INSERT INTO usuarios_roles (usuario_id, rol_id) VALUES (20, 1);
INSERT INTO usuarios (id, nombre, email, contrasena, fecha_registro) VALUES (21, 'Ryan Bryant', 'user21@example.com', 'BhKmRJtt*p8h', '2025-02-04');
INSERT INTO usuarios_roles (usuario_id, rol_id) VALUES (21, 1);
INSERT INTO usuarios (id, nombre, email, contrasena, fecha_registro) VALUES (22, 'Jeremiah Reeves', 'user22@example.com', '$^+G+3kCM4nK', '2024-12-08');
INSERT INTO usuarios_roles (usuario_id, rol_id) VALUES (22, 3);
INSERT INTO usuarios (id, nombre, email, contrasena, fecha_registro) VALUES (23, 'Guy Molina', 'user23@example.com', 'XW44K#xc&8M)', '2025-01-21');
INSERT INTO usuarios_roles (usuario_id, rol_id) VALUES (23, 3);
INSERT INTO usuarios (id, nombre, email, contrasena, fecha_registro) VALUES (24, 'Alyssa Day', 'user24@example.com', '7#LFrbwJnM7$', '2025-04-05');
INSERT INTO usuarios_roles (usuario_id, rol_id) VALUES (24, 1);
INSERT INTO usuarios (id, nombre, email, contrasena, fecha_registro) VALUES (25, 'Amanda Johnson', 'user25@example.com', '$3bTAdi0Wt(m', '2025-06-01');
INSERT INTO usuarios_roles (usuario_id, rol_id) VALUES (25, 3);
INSERT INTO usuarios (id, nombre, email, contrasena, fecha_registro) VALUES (26, 'Michael Rubio', 'user26@example.com', '3Y*jos(y&DCF', '2025-05-01');
INSERT INTO usuarios_roles (usuario_id, rol_id) VALUES (26, 1);
INSERT INTO usuarios (id, nombre, email, contrasena, fecha_registro) VALUES (27, 'John Hamilton', 'user27@example.com', 'K^x7WRNeg7pn', '2025-03-24');
INSERT INTO usuarios_roles (usuario_id, rol_id) VALUES (27, 3);
INSERT INTO usuarios (id, nombre, email, contrasena, fecha_registro) VALUES (28, 'Leonard Gray', 'user28@example.com', 'OE7KWrTf257!', '2025-03-09');
INSERT INTO usuarios_roles (usuario_id, rol_id) VALUES (28, 3);
INSERT INTO usuarios (id, nombre, email, contrasena, fecha_registro) VALUES (29, 'Ricky Davis II', 'user29@example.com', 'VNJ3hCe8+(2v', '2024-08-29');
INSERT INTO usuarios_roles (usuario_id, rol_id) VALUES (29, 3);
INSERT INTO usuarios (id, nombre, email, contrasena, fecha_registro) VALUES (30, 'Destiny Lawrence', 'user30@example.com', '(9EAJ)$%9dZh', '2024-12-05');
INSERT INTO usuarios_roles (usuario_id, rol_id) VALUES (30, 3);
INSERT INTO usuarios (id, nombre, email, contrasena, fecha_registro) VALUES (31, 'Glen Sheppard', 'user31@example.com', 'H^Y7+TDc%iWk', '2025-05-24');
INSERT INTO usuarios_roles (usuario_id, rol_id) VALUES (31, 2);
INSERT INTO usuarios (id, nombre, email, contrasena, fecha_registro) VALUES (32, 'Scott Branch', 'user32@example.com', '%gwTba+0^!L9', '2024-09-23');
INSERT INTO usuarios_roles (usuario_id, rol_id) VALUES (32, 1);
INSERT INTO usuarios (id, nombre, email, contrasena, fecha_registro) VALUES (33, 'Jordan Mcdaniel', 'user33@example.com', 'v%SZVn^zAhU9', '2025-03-04');
INSERT INTO usuarios_roles (usuario_id, rol_id) VALUES (33, 2);
INSERT INTO usuarios (id, nombre, email, contrasena, fecha_registro) VALUES (34, 'Dillon Fernandez', 'user34@example.com', 'rg1@4bpb*iTU', '2024-11-24');
INSERT INTO usuarios_roles (usuario_id, rol_id) VALUES (34, 3);
INSERT INTO usuarios (id, nombre, email, contrasena, fecha_registro) VALUES (35, 'Catherine Richards', 'user35@example.com', 'D7bpCCpv_SLB', '2025-04-22');
INSERT INTO usuarios_roles (usuario_id, rol_id) VALUES (35, 2);
INSERT INTO usuarios (id, nombre, email, contrasena, fecha_registro) VALUES (36, 'Mary Daniels MD', 'user36@example.com', '8YL3tuKd$yX5', '2025-01-06');
INSERT INTO usuarios_roles (usuario_id, rol_id) VALUES (36, 1);
INSERT INTO usuarios (id, nombre, email, contrasena, fecha_registro) VALUES (37, 'Danny Skinner', 'user37@example.com', 'n@7PDnu6SGuP', '2024-10-15');
INSERT INTO usuarios_roles (usuario_id, rol_id) VALUES (37, 1);
INSERT INTO usuarios (id, nombre, email, contrasena, fecha_registro) VALUES (38, 'Katie Hoover', 'user38@example.com', '%O_4DSsLB1dU', '2025-03-22');
INSERT INTO usuarios_roles (usuario_id, rol_id) VALUES (38, 3);
INSERT INTO usuarios (id, nombre, email, contrasena, fecha_registro) VALUES (39, 'Thomas James', 'user39@example.com', ')xC*Pbt@__x2', '2024-11-07');
INSERT INTO usuarios_roles (usuario_id, rol_id) VALUES (39, 2);
INSERT INTO usuarios (id, nombre, email, contrasena, fecha_registro) VALUES (40, 'Sarah Phelps', 'user40@example.com', 'f(6#^YuuhK*K', '2024-09-30');
INSERT INTO usuarios_roles (usuario_id, rol_id) VALUES (40, 2);
INSERT INTO usuarios (id, nombre, email, contrasena, fecha_registro) VALUES (41, 'Amber Flynn', 'user41@example.com', '%RTkL^qn5t5M', '2025-05-21');
INSERT INTO usuarios_roles (usuario_id, rol_id) VALUES (41, 2);
INSERT INTO usuarios (id, nombre, email, contrasena, fecha_registro) VALUES (42, 'Stephanie Byrd', 'user42@example.com', '#AxdlAzp*G1O', '2024-11-06');
INSERT INTO usuarios_roles (usuario_id, rol_id) VALUES (42, 1);
INSERT INTO usuarios (id, nombre, email, contrasena, fecha_registro) VALUES (43, 'Keith Jennings', 'user43@example.com', '+09lxEZXcfTo', '2025-04-08');
INSERT INTO usuarios_roles (usuario_id, rol_id) VALUES (43, 1);
INSERT INTO usuarios (id, nombre, email, contrasena, fecha_registro) VALUES (44, 'Kevin Oconnor', 'user44@example.com', 'I@4qFK8xtvx9', '2025-03-25');
INSERT INTO usuarios_roles (usuario_id, rol_id) VALUES (44, 2);
INSERT INTO usuarios (id, nombre, email, contrasena, fecha_registro) VALUES (45, 'Shannon Ramsey', 'user45@example.com', 'k@RLbcVm&85@', '2025-02-12');
INSERT INTO usuarios_roles (usuario_id, rol_id) VALUES (45, 1);
INSERT INTO usuarios (id, nombre, email, contrasena, fecha_registro) VALUES (46, 'Rodney Blankenship', 'user46@example.com', '$#6(5ReFwd%D', '2024-07-14');
INSERT INTO usuarios_roles (usuario_id, rol_id) VALUES (46, 1);
INSERT INTO usuarios (id, nombre, email, contrasena, fecha_registro) VALUES (47, 'Lisa Crosby', 'user47@example.com', '4%5WyFsl%80w', '2025-02-10');
INSERT INTO usuarios_roles (usuario_id, rol_id) VALUES (47, 2);
INSERT INTO usuarios (id, nombre, email, contrasena, fecha_registro) VALUES (48, 'Tricia Williams', 'user48@example.com', 'T3E3zqC_^!p_', '2025-02-17');
INSERT INTO usuarios_roles (usuario_id, rol_id) VALUES (48, 1);
INSERT INTO usuarios (id, nombre, email, contrasena, fecha_registro) VALUES (49, 'Bonnie Howard', 'user49@example.com', '0$gQKNja$P9$', '2025-02-10');
INSERT INTO usuarios_roles (usuario_id, rol_id) VALUES (49, 2);
INSERT INTO usuarios (id, nombre, email, contrasena, fecha_registro) VALUES (50, 'Amy Mendoza', 'user50@example.com', 'Ot^^X%Vd&6zR', '2024-07-14');
INSERT INTO usuarios_roles (usuario_id, rol_id) VALUES (50, 2);
INSERT INTO usuarios (id, nombre, email, contrasena, fecha_registro) VALUES (51, 'Ashley Pena', 'user51@example.com', 'r(nHfNo6wcN3', '2025-04-17');
INSERT INTO usuarios_roles (usuario_id, rol_id) VALUES (51, 3);
INSERT INTO usuarios (id, nombre, email, contrasena, fecha_registro) VALUES (52, 'Anthony Frye', 'user52@example.com', 'I5vJVd9B(P+N', '2025-01-14');
INSERT INTO usuarios_roles (usuario_id, rol_id) VALUES (52, 2);
INSERT INTO usuarios (id, nombre, email, contrasena, fecha_registro) VALUES (53, 'Jeffrey Hoffman', 'user53@example.com', 'T9Vd#8iuD1)u', '2024-06-17');
INSERT INTO usuarios_roles (usuario_id, rol_id) VALUES (53, 1);
INSERT INTO usuarios (id, nombre, email, contrasena, fecha_registro) VALUES (54, 'Joseph Bennett', 'user54@example.com', 'BCv5F+l$*KJW', '2024-07-20');
INSERT INTO usuarios_roles (usuario_id, rol_id) VALUES (54, 3);
INSERT INTO usuarios (id, nombre, email, contrasena, fecha_registro) VALUES (55, 'Brian Gregory', 'user55@example.com', 'A47%3vvi)(OQ', '2024-09-03');
INSERT INTO usuarios_roles (usuario_id, rol_id) VALUES (55, 2);
INSERT INTO usuarios (id, nombre, email, contrasena, fecha_registro) VALUES (56, 'Sandra Drake', 'user56@example.com', 'K@^BJXZbHx06', '2024-11-22');
INSERT INTO usuarios_roles (usuario_id, rol_id) VALUES (56, 3);
INSERT INTO usuarios (id, nombre, email, contrasena, fecha_registro) VALUES (57, 'Dana Chapman', 'user57@example.com', 'h(1MjR2jDwZ_', '2024-08-12');
INSERT INTO usuarios_roles (usuario_id, rol_id) VALUES (57, 1);
INSERT INTO usuarios (id, nombre, email, contrasena, fecha_registro) VALUES (58, 'Paige Rios', 'user58@example.com', '#UcrOyBxB7MY', '2024-12-20');
INSERT INTO usuarios_roles (usuario_id, rol_id) VALUES (58, 2);
INSERT INTO usuarios (id, nombre, email, contrasena, fecha_registro) VALUES (59, 'Joel Johnson', 'user59@example.com', '4pCPMTku^laB', '2024-11-27');
INSERT INTO usuarios_roles (usuario_id, rol_id) VALUES (59, 1);
INSERT INTO usuarios (id, nombre, email, contrasena, fecha_registro) VALUES (60, 'Steven Cooper', 'user60@example.com', '01KKQuF8+DQk', '2025-02-24');
INSERT INTO usuarios_roles (usuario_id, rol_id) VALUES (60, 3);
INSERT INTO usuarios (id, nombre, email, contrasena, fecha_registro) VALUES (61, 'David York', 'user61@example.com', 'V2DxdHWv)FKc', '2025-02-11');
INSERT INTO usuarios_roles (usuario_id, rol_id) VALUES (61, 2);
INSERT INTO usuarios (id, nombre, email, contrasena, fecha_registro) VALUES (62, 'Katie Smith', 'user62@example.com', 'wN2_^okjn%#G', '2025-04-01');
INSERT INTO usuarios_roles (usuario_id, rol_id) VALUES (62, 3);
INSERT INTO usuarios (id, nombre, email, contrasena, fecha_registro) VALUES (63, 'Stephanie Griffith', 'user63@example.com', 'fxXh65Lvk!2c', '2024-12-18');
INSERT INTO usuarios_roles (usuario_id, rol_id) VALUES (63, 3);
INSERT INTO usuarios (id, nombre, email, contrasena, fecha_registro) VALUES (64, 'Tracy Montoya', 'user64@example.com', ')qT2oI9b8s_K', '2024-11-14');
INSERT INTO usuarios_roles (usuario_id, rol_id) VALUES (64, 2);
INSERT INTO usuarios (id, nombre, email, contrasena, fecha_registro) VALUES (65, 'Jonathan Young', 'user65@example.com', '@5eHa#tMniMX', '2025-04-26');
INSERT INTO usuarios_roles (usuario_id, rol_id) VALUES (65, 3);
INSERT INTO usuarios (id, nombre, email, contrasena, fecha_registro) VALUES (66, 'Todd Lynch', 'user66@example.com', '&)5ZY%jOR1Uf', '2024-10-21');
INSERT INTO usuarios_roles (usuario_id, rol_id) VALUES (66, 1);
INSERT INTO usuarios (id, nombre, email, contrasena, fecha_registro) VALUES (67, 'Jason Beck', 'user67@example.com', 'w8kc@q$GFhL@', '2025-04-01');
INSERT INTO usuarios_roles (usuario_id, rol_id) VALUES (67, 3);
INSERT INTO usuarios (id, nombre, email, contrasena, fecha_registro) VALUES (68, 'Nicole Anderson', 'user68@example.com', '^jMdKu%j89$2', '2024-11-07');
INSERT INTO usuarios_roles (usuario_id, rol_id) VALUES (68, 1);
INSERT INTO usuarios (id, nombre, email, contrasena, fecha_registro) VALUES (69, 'Kimberly King PhD', 'user69@example.com', '$48lyHKw$1dL', '2024-11-17');
INSERT INTO usuarios_roles (usuario_id, rol_id) VALUES (69, 1);
INSERT INTO usuarios (id, nombre, email, contrasena, fecha_registro) VALUES (70, 'Lance Short', 'user70@example.com', '(4AWJdd$qEK8', '2024-10-25');
INSERT INTO usuarios_roles (usuario_id, rol_id) VALUES (70, 3);
INSERT INTO usuarios (id, nombre, email, contrasena, fecha_registro) VALUES (71, 'Nicole Moore', 'user71@example.com', 'j#TjFvTW!2Fi', '2024-11-07');
INSERT INTO usuarios_roles (usuario_id, rol_id) VALUES (71, 1);
INSERT INTO usuarios (id, nombre, email, contrasena, fecha_registro) VALUES (72, 'Donald Horne', 'user72@example.com', 'G!77Lz9qO)2P', '2025-04-30');
INSERT INTO usuarios_roles (usuario_id, rol_id) VALUES (72, 2);
INSERT INTO usuarios (id, nombre, email, contrasena, fecha_registro) VALUES (73, 'Miss Michelle Pierce', 'user73@example.com', 'ewFE4yk5%4UM', '2024-07-01');
INSERT INTO usuarios_roles (usuario_id, rol_id) VALUES (73, 1);
INSERT INTO usuarios (id, nombre, email, contrasena, fecha_registro) VALUES (74, 'Zachary Higgins', 'user74@example.com', '6nxZLcYq(Z1x', '2024-12-24');
INSERT INTO usuarios_roles (usuario_id, rol_id) VALUES (74, 1);
INSERT INTO usuarios (id, nombre, email, contrasena, fecha_registro) VALUES (75, 'Christopher Morris', 'user75@example.com', 'so6YSqARP+3L', '2025-04-29');
INSERT INTO usuarios_roles (usuario_id, rol_id) VALUES (75, 1);
INSERT INTO usuarios (id, nombre, email, contrasena, fecha_registro) VALUES (76, 'Amanda Shields', 'user76@example.com', 'U@iIUOYywNl0', '2024-06-29');
INSERT INTO usuarios_roles (usuario_id, rol_id) VALUES (76, 2);
INSERT INTO usuarios (id, nombre, email, contrasena, fecha_registro) VALUES (77, 'Jason Marshall', 'user77@example.com', '^BzDEik*59L_', '2024-11-15');
INSERT INTO usuarios_roles (usuario_id, rol_id) VALUES (77, 2);
INSERT INTO usuarios (id, nombre, email, contrasena, fecha_registro) VALUES (78, 'Sean Moore', 'user78@example.com', '2+zMXO&kL^9$', '2025-02-22');
INSERT INTO usuarios_roles (usuario_id, rol_id) VALUES (78, 2);
INSERT INTO usuarios (id, nombre, email, contrasena, fecha_registro) VALUES (79, 'Joshua Boone', 'user79@example.com', 'FI2$TExGL&nY', '2024-10-28');
INSERT INTO usuarios_roles (usuario_id, rol_id) VALUES (79, 3);
INSERT INTO usuarios (id, nombre, email, contrasena, fecha_registro) VALUES (80, 'Gina Mcmillan', 'user80@example.com', 'H##eTq+s_#B3', '2024-12-20');
INSERT INTO usuarios_roles (usuario_id, rol_id) VALUES (80, 2);
INSERT INTO usuarios (id, nombre, email, contrasena, fecha_registro) VALUES (81, 'Kim Erickson', 'user81@example.com', '7(IAsqYW7lx%', '2024-12-09');
INSERT INTO usuarios_roles (usuario_id, rol_id) VALUES (81, 1);
INSERT INTO usuarios (id, nombre, email, contrasena, fecha_registro) VALUES (82, 'Mark Harvey', 'user82@example.com', '&wV@B+dI2uqh', '2024-08-25');
INSERT INTO usuarios_roles (usuario_id, rol_id) VALUES (82, 2);
INSERT INTO usuarios (id, nombre, email, contrasena, fecha_registro) VALUES (83, 'Yolanda Mendoza', 'user83@example.com', 'tDE&FZdo26T5', '2024-10-07');
INSERT INTO usuarios_roles (usuario_id, rol_id) VALUES (83, 2);
INSERT INTO usuarios (id, nombre, email, contrasena, fecha_registro) VALUES (84, 'Justin Michael', 'user84@example.com', 'USs+Dj_d4^uJ', '2024-09-19');
INSERT INTO usuarios_roles (usuario_id, rol_id) VALUES (84, 1);
INSERT INTO usuarios (id, nombre, email, contrasena, fecha_registro) VALUES (85, 'Melissa Taylor', 'user85@example.com', '$s49HCMh_x)+', '2024-10-08');
INSERT INTO usuarios_roles (usuario_id, rol_id) VALUES (85, 3);
INSERT INTO usuarios (id, nombre, email, contrasena, fecha_registro) VALUES (86, 'Anthony Mack', 'user86@example.com', '_r#uHnv#n91h', '2025-06-01');
INSERT INTO usuarios_roles (usuario_id, rol_id) VALUES (86, 2);
INSERT INTO usuarios (id, nombre, email, contrasena, fecha_registro) VALUES (87, 'Mrs. Virginia Daniels', 'user87@example.com', '8lCgZQoC*b2X', '2024-07-09');
INSERT INTO usuarios_roles (usuario_id, rol_id) VALUES (87, 3);
INSERT INTO usuarios (id, nombre, email, contrasena, fecha_registro) VALUES (88, 'Brandon Holden', 'user88@example.com', '75hwAfaa*%5H', '2025-03-31');
INSERT INTO usuarios_roles (usuario_id, rol_id) VALUES (88, 3);
INSERT INTO usuarios (id, nombre, email, contrasena, fecha_registro) VALUES (89, 'Bruce Hendricks', 'user89@example.com', '4T+hWISh%546', '2024-12-28');
INSERT INTO usuarios_roles (usuario_id, rol_id) VALUES (89, 3);
INSERT INTO usuarios (id, nombre, email, contrasena, fecha_registro) VALUES (90, 'Angela Elliott', 'user90@example.com', '!+CQ(3VgQ8LP', '2024-12-02');
INSERT INTO usuarios_roles (usuario_id, rol_id) VALUES (90, 1);
INSERT INTO usuarios (id, nombre, email, contrasena, fecha_registro) VALUES (91, 'Elizabeth Johnson', 'user91@example.com', 'U$D%zXgv#I%0', '2025-05-18');
INSERT INTO usuarios_roles (usuario_id, rol_id) VALUES (91, 3);
INSERT INTO usuarios (id, nombre, email, contrasena, fecha_registro) VALUES (92, 'Sergio Knox', 'user92@example.com', 'q)p1zHvy&hyV', '2024-09-10');
INSERT INTO usuarios_roles (usuario_id, rol_id) VALUES (92, 3);
INSERT INTO usuarios (id, nombre, email, contrasena, fecha_registro) VALUES (93, 'Christopher Lopez', 'user93@example.com', '1XvB5%Vz+q6$', '2024-07-30');
INSERT INTO usuarios_roles (usuario_id, rol_id) VALUES (93, 1);
INSERT INTO usuarios (id, nombre, email, contrasena, fecha_registro) VALUES (94, 'Donna Cabrera', 'user94@example.com', 'WbBA_aKs+w9t', '2024-06-24');
INSERT INTO usuarios_roles (usuario_id, rol_id) VALUES (94, 3);
INSERT INTO usuarios (id, nombre, email, contrasena, fecha_registro) VALUES (95, 'Teresa Powers', 'user95@example.com', 'IA5W54n_(%II', '2024-09-13');
INSERT INTO usuarios_roles (usuario_id, rol_id) VALUES (95, 3);
INSERT INTO usuarios (id, nombre, email, contrasena, fecha_registro) VALUES (96, 'Matthew Nielsen', 'user96@example.com', '^$FRx^lVb431', '2024-07-21');
INSERT INTO usuarios_roles (usuario_id, rol_id) VALUES (96, 1);
INSERT INTO usuarios (id, nombre, email, contrasena, fecha_registro) VALUES (97, 'Nicole Rocha', 'user97@example.com', '+5B9MWgErMlf', '2025-01-10');
INSERT INTO usuarios_roles (usuario_id, rol_id) VALUES (97, 1);
INSERT INTO usuarios (id, nombre, email, contrasena, fecha_registro) VALUES (98, 'Natalie Smith', 'user98@example.com', 'I+(GnSax7mx9', '2024-08-10');
INSERT INTO usuarios_roles (usuario_id, rol_id) VALUES (98, 2);
INSERT INTO usuarios (id, nombre, email, contrasena, fecha_registro) VALUES (99, 'Joshua White', 'user99@example.com', '(^m$!_Yb+0Q%', '2024-06-08');
INSERT INTO usuarios_roles (usuario_id, rol_id) VALUES (99, 2);
INSERT INTO usuarios (id, nombre, email, contrasena, fecha_registro) VALUES (100, 'Jennifer Smith', 'user100@example.com', '@+blt4Rj2Qm7', '2025-01-11');
INSERT INTO usuarios_roles (usuario_id, rol_id) VALUES (100, 2);
INSERT INTO usuarios (id, nombre, email, contrasena, fecha_registro) VALUES (101, 'Michael Evans', 'user101@example.com', '@S%C0OKkTm*0', '2024-12-07');
INSERT INTO usuarios_roles (usuario_id, rol_id) VALUES (101, 3);
INSERT INTO usuarios (id, nombre, email, contrasena, fecha_registro) VALUES (102, 'Thomas Cohen', 'user102@example.com', '#uBxVSvH%08n', '2024-11-02');
INSERT INTO usuarios_roles (usuario_id, rol_id) VALUES (102, 3);
INSERT INTO usuarios (id, nombre, email, contrasena, fecha_registro) VALUES (103, 'Brenda Hinton', 'user103@example.com', 'y$K1DQwx+#8z', '2025-06-06');
INSERT INTO usuarios_roles (usuario_id, rol_id) VALUES (103, 3);
INSERT INTO usuarios (id, nombre, email, contrasena, fecha_registro) VALUES (104, 'Cody Willis', 'user104@example.com', '9&17YktGE&vK', '2024-11-27');
INSERT INTO usuarios_roles (usuario_id, rol_id) VALUES (104, 1);
INSERT INTO usuarios (id, nombre, email, contrasena, fecha_registro) VALUES (105, 'Kayla Garcia', 'user105@example.com', 'W@5!Rjfcz5Qc', '2024-08-09');
INSERT INTO usuarios_roles (usuario_id, rol_id) VALUES (105, 3);
INSERT INTO usuarios (id, nombre, email, contrasena, fecha_registro) VALUES (106, 'Jason Washington', 'user106@example.com', 'fOILh!HoG@5J', '2024-10-08');
INSERT INTO usuarios_roles (usuario_id, rol_id) VALUES (106, 2);
INSERT INTO usuarios (id, nombre, email, contrasena, fecha_registro) VALUES (107, 'Melissa Mendoza', 'user107@example.com', '6YxjC8kj#2zK', '2025-03-08');
INSERT INTO usuarios_roles (usuario_id, rol_id) VALUES (107, 1);
INSERT INTO usuarios (id, nombre, email, contrasena, fecha_registro) VALUES (108, 'Robert Guerra', 'user108@example.com', '6A6+JVpW@Ruq', '2025-03-05');
INSERT INTO usuarios_roles (usuario_id, rol_id) VALUES (108, 1);
INSERT INTO usuarios (id, nombre, email, contrasena, fecha_registro) VALUES (109, 'Kimberly Little', 'user109@example.com', 'aEZhycHh@1!Y', '2024-11-26');
INSERT INTO usuarios_roles (usuario_id, rol_id) VALUES (109, 1);
INSERT INTO usuarios (id, nombre, email, contrasena, fecha_registro) VALUES (110, 'Joel Frazier', 'user110@example.com', 'z+9u&EglDkQ8', '2024-07-02');
INSERT INTO usuarios_roles (usuario_id, rol_id) VALUES (110, 2);
INSERT INTO usuarios (id, nombre, email, contrasena, fecha_registro) VALUES (111, 'Robert Wilson', 'user111@example.com', '^y6z+Tw5H1ZV', '2024-11-27');
INSERT INTO usuarios_roles (usuario_id, rol_id) VALUES (111, 2);
INSERT INTO usuarios (id, nombre, email, contrasena, fecha_registro) VALUES (112, 'Jasmine Bush', 'user112@example.com', 'lw*q14Y7p$ZW', '2024-10-20');
INSERT INTO usuarios_roles (usuario_id, rol_id) VALUES (112, 2);
INSERT INTO usuarios (id, nombre, email, contrasena, fecha_registro) VALUES (113, 'Lisa Cervantes', 'user113@example.com', '&)+A1dPI4GTs', '2024-08-09');
INSERT INTO usuarios_roles (usuario_id, rol_id) VALUES (113, 1);
INSERT INTO usuarios (id, nombre, email, contrasena, fecha_registro) VALUES (114, 'Charles Edwards MD', 'user114@example.com', '!mxApcIo5&#i', '2024-09-26');
INSERT INTO usuarios_roles (usuario_id, rol_id) VALUES (114, 1);
INSERT INTO usuarios (id, nombre, email, contrasena, fecha_registro) VALUES (115, 'Jim Newton', 'user115@example.com', '*7S8Qiid4Jga', '2024-09-16');
INSERT INTO usuarios_roles (usuario_id, rol_id) VALUES (115, 3);
INSERT INTO usuarios (id, nombre, email, contrasena, fecha_registro) VALUES (116, 'Robert Gonzales', 'user116@example.com', 'gc@XGzkmlUR3', '2024-09-26');
INSERT INTO usuarios_roles (usuario_id, rol_id) VALUES (116, 3);
INSERT INTO usuarios (id, nombre, email, contrasena, fecha_registro) VALUES (117, 'Tiffany Robertson', 'user117@example.com', 'ktzqEqyen_1O', '2024-10-29');
INSERT INTO usuarios_roles (usuario_id, rol_id) VALUES (117, 2);
INSERT INTO usuarios (id, nombre, email, contrasena, fecha_registro) VALUES (118, 'Mark Beard', 'user118@example.com', '86FQC!xg@LbE', '2024-11-19');
INSERT INTO usuarios_roles (usuario_id, rol_id) VALUES (118, 1);
INSERT INTO usuarios (id, nombre, email, contrasena, fecha_registro) VALUES (119, 'Kathleen Morris', 'user119@example.com', ')p5Ri$sn@u+%', '2025-05-14');
INSERT INTO usuarios_roles (usuario_id, rol_id) VALUES (119, 3);
INSERT INTO usuarios (id, nombre, email, contrasena, fecha_registro) VALUES (120, 'Caitlin Cantu', 'user120@example.com', '6FUlHAd5%1!N', '2025-02-25');
INSERT INTO usuarios_roles (usuario_id, rol_id) VALUES (120, 2);
INSERT INTO usuarios (id, nombre, email, contrasena, fecha_registro) VALUES (121, 'Adam Cooper', 'user121@example.com', 'e6&l*FAG@WZc', '2025-01-29');
INSERT INTO usuarios_roles (usuario_id, rol_id) VALUES (121, 2);
INSERT INTO usuarios (id, nombre, email, contrasena, fecha_registro) VALUES (122, 'Jessica Bowen', 'user122@example.com', 'cp&*tVGx_28N', '2025-04-04');
INSERT INTO usuarios_roles (usuario_id, rol_id) VALUES (122, 3);
INSERT INTO usuarios (id, nombre, email, contrasena, fecha_registro) VALUES (123, 'Alyssa Boone', 'user123@example.com', 'Ph3%sQt(O%Ry', '2024-11-16');
INSERT INTO usuarios_roles (usuario_id, rol_id) VALUES (123, 2);
INSERT INTO usuarios (id, nombre, email, contrasena, fecha_registro) VALUES (124, 'Michael Farmer', 'user124@example.com', '@0Swc9ei@HZR', '2025-05-29');
INSERT INTO usuarios_roles (usuario_id, rol_id) VALUES (124, 1);
INSERT INTO usuarios (id, nombre, email, contrasena, fecha_registro) VALUES (125, 'Robert Herrera', 'user125@example.com', 'n9&dgo%&KLUy', '2024-06-10');
INSERT INTO usuarios_roles (usuario_id, rol_id) VALUES (125, 2);
INSERT INTO usuarios (id, nombre, email, contrasena, fecha_registro) VALUES (126, 'Meredith Martin', 'user126@example.com', 'mQFhqg(zC^87', '2024-11-29');
INSERT INTO usuarios_roles (usuario_id, rol_id) VALUES (126, 1);
INSERT INTO usuarios (id, nombre, email, contrasena, fecha_registro) VALUES (127, 'Amy Villarreal', 'user127@example.com', '#sb(g!p!5EFi', '2024-11-15');
INSERT INTO usuarios_roles (usuario_id, rol_id) VALUES (127, 1);
INSERT INTO usuarios (id, nombre, email, contrasena, fecha_registro) VALUES (128, 'David Moon', 'user128@example.com', '4Ps1lCws^8oC', '2024-08-22');
INSERT INTO usuarios_roles (usuario_id, rol_id) VALUES (128, 3);
INSERT INTO usuarios (id, nombre, email, contrasena, fecha_registro) VALUES (129, 'Richard Stevenson', 'user129@example.com', '$zjgSLsu@S7d', '2025-05-01');
INSERT INTO usuarios_roles (usuario_id, rol_id) VALUES (129, 3);
INSERT INTO usuarios (id, nombre, email, contrasena, fecha_registro) VALUES (130, 'Elizabeth Harris', 'user130@example.com', 'x$8$5oPsLb6P', '2025-01-12');
INSERT INTO usuarios_roles (usuario_id, rol_id) VALUES (130, 3);
INSERT INTO usuarios (id, nombre, email, contrasena, fecha_registro) VALUES (131, 'Matthew Anderson', 'user131@example.com', 'H4CK5z_i%*LB', '2024-11-28');
INSERT INTO usuarios_roles (usuario_id, rol_id) VALUES (131, 2);
INSERT INTO usuarios (id, nombre, email, contrasena, fecha_registro) VALUES (132, 'Derek Wilson', 'user132@example.com', 'W3p4exHw#m0W', '2024-07-12');
INSERT INTO usuarios_roles (usuario_id, rol_id) VALUES (132, 3);
INSERT INTO usuarios (id, nombre, email, contrasena, fecha_registro) VALUES (133, 'Robert Taylor', 'user133@example.com', '!0YYZh7m@%sK', '2025-06-06');
INSERT INTO usuarios_roles (usuario_id, rol_id) VALUES (133, 3);
INSERT INTO usuarios (id, nombre, email, contrasena, fecha_registro) VALUES (134, 'Christopher Berry', 'user134@example.com', '+6EtPL_aXZOr', '2024-11-01');
INSERT INTO usuarios_roles (usuario_id, rol_id) VALUES (134, 2);
INSERT INTO usuarios (id, nombre, email, contrasena, fecha_registro) VALUES (135, 'Curtis Wilkerson', 'user135@example.com', '(@GeUjDz38@W', '2024-10-22');
INSERT INTO usuarios_roles (usuario_id, rol_id) VALUES (135, 3);
INSERT INTO usuarios (id, nombre, email, contrasena, fecha_registro) VALUES (136, 'Yvonne Dickson', 'user136@example.com', '@mt%zholE3oV', '2025-03-06');
INSERT INTO usuarios_roles (usuario_id, rol_id) VALUES (136, 2);
INSERT INTO usuarios (id, nombre, email, contrasena, fecha_registro) VALUES (137, 'Theresa Elliott', 'user137@example.com', ')0Z%WpNCX3D1', '2025-03-06');
INSERT INTO usuarios_roles (usuario_id, rol_id) VALUES (137, 2);
INSERT INTO usuarios (id, nombre, email, contrasena, fecha_registro) VALUES (138, 'Patricia Mathis', 'user138@example.com', 'vH*^_wwkx10L', '2025-02-19');
INSERT INTO usuarios_roles (usuario_id, rol_id) VALUES (138, 1);
INSERT INTO usuarios (id, nombre, email, contrasena, fecha_registro) VALUES (139, 'Casey Parker', 'user139@example.com', 'fw+GzE#fux44', '2024-07-06');
INSERT INTO usuarios_roles (usuario_id, rol_id) VALUES (139, 1);
INSERT INTO usuarios (id, nombre, email, contrasena, fecha_registro) VALUES (140, 'William Jackson', 'user140@example.com', '75^6*!Oa@rOG', '2025-04-08');
INSERT INTO usuarios_roles (usuario_id, rol_id) VALUES (140, 3);
INSERT INTO usuarios (id, nombre, email, contrasena, fecha_registro) VALUES (141, 'Marilyn Mcdaniel', 'user141@example.com', '#9Bw^0FzS7&C', '2024-11-20');
INSERT INTO usuarios_roles (usuario_id, rol_id) VALUES (141, 2);
INSERT INTO usuarios (id, nombre, email, contrasena, fecha_registro) VALUES (142, 'Carmen Preston', 'user142@example.com', '#0dfgDk5$Uo+', '2024-09-28');
INSERT INTO usuarios_roles (usuario_id, rol_id) VALUES (142, 1);
INSERT INTO usuarios (id, nombre, email, contrasena, fecha_registro) VALUES (143, 'Lori Castillo', 'user143@example.com', '@y0(GMsfZGFG', '2024-11-23');
INSERT INTO usuarios_roles (usuario_id, rol_id) VALUES (143, 1);
INSERT INTO usuarios (id, nombre, email, contrasena, fecha_registro) VALUES (144, 'Darrell Adams', 'user144@example.com', 'b&D2YVSwm!Rq', '2024-07-06');
INSERT INTO usuarios_roles (usuario_id, rol_id) VALUES (144, 1);
INSERT INTO usuarios (id, nombre, email, contrasena, fecha_registro) VALUES (145, 'Scott Johnson', 'user145@example.com', 'cXZisyxl))8K', '2024-10-08');
INSERT INTO usuarios_roles (usuario_id, rol_id) VALUES (145, 1);
INSERT INTO usuarios (id, nombre, email, contrasena, fecha_registro) VALUES (146, 'Suzanne Jones', 'user146@example.com', 'C8LqMYQJ&rVi', '2025-05-13');
INSERT INTO usuarios_roles (usuario_id, rol_id) VALUES (146, 3);
INSERT INTO usuarios (id, nombre, email, contrasena, fecha_registro) VALUES (147, 'Jason Reyes', 'user147@example.com', '*8_X9Trp5hus', '2025-05-05');
INSERT INTO usuarios_roles (usuario_id, rol_id) VALUES (147, 1);
INSERT INTO usuarios (id, nombre, email, contrasena, fecha_registro) VALUES (148, 'Annette Melton', 'user148@example.com', 'j#4WoKtINQFX', '2024-12-19');
INSERT INTO usuarios_roles (usuario_id, rol_id) VALUES (148, 3);
INSERT INTO usuarios (id, nombre, email, contrasena, fecha_registro) VALUES (149, 'Richard Warren', 'user149@example.com', 'q2%0$F2gM)uc', '2024-11-26');
INSERT INTO usuarios_roles (usuario_id, rol_id) VALUES (149, 2);
INSERT INTO usuarios (id, nombre, email, contrasena, fecha_registro) VALUES (150, 'Seth Matthews', 'user150@example.com', '^cFG0UxiZc5I', '2025-02-12');
INSERT INTO usuarios_roles (usuario_id, rol_id) VALUES (150, 3);
INSERT INTO direcciones (usuario_id, direccion, tipo) VALUES (1, '49446 York Mount
Jefferyport, NC 82238', 'facturacion');
INSERT INTO direcciones (usuario_id, direccion, tipo) VALUES (1, '85899 Evans Coves
Brownview, MD 36792', 'envio');
INSERT INTO direcciones (usuario_id, direccion, tipo) VALUES (2, '28309 Guerrero Springs Apt. 074
Rebeccafurt, WA 05130', 'facturacion');
INSERT INTO direcciones (usuario_id, direccion, tipo) VALUES (2, '3875 Bruce Ville
West Connor, WA 34403', 'envio');
INSERT INTO direcciones (usuario_id, direccion, tipo) VALUES (3, '513 Walker Well
Robertmouth, KS 77252', 'facturacion');
INSERT INTO direcciones (usuario_id, direccion, tipo) VALUES (3, '0999 Thomas Fields
Port Erinhaven, MT 07587', 'envio');
INSERT INTO direcciones (usuario_id, direccion, tipo) VALUES (4, '35697 Leslie Stravenue
Port Christopher, SC 23677', 'facturacion');
INSERT INTO direcciones (usuario_id, direccion, tipo) VALUES (4, '74329 Tracy Track
East Christinachester, NE 63074', 'envio');
INSERT INTO direcciones (usuario_id, direccion, tipo) VALUES (5, '350 Sherman Pines
North Erica, VA 33114', 'facturacion');
INSERT INTO direcciones (usuario_id, direccion, tipo) VALUES (5, '2168 Jackson View Apt. 447
Ryanberg, NM 47588', 'envio');
INSERT INTO direcciones (usuario_id, direccion, tipo) VALUES (6, '0332 Jessica Radial
North Michael, WY 05398', 'facturacion');
INSERT INTO direcciones (usuario_id, direccion, tipo) VALUES (6, '909 Ebony Shoal Apt. 016
Jamesside, NJ 92496', 'envio');
INSERT INTO direcciones (usuario_id, direccion, tipo) VALUES (7, '6184 Robert Cove
West Danielville, ID 80324', 'facturacion');
INSERT INTO direcciones (usuario_id, direccion, tipo) VALUES (7, '356 Martin Plaza Suite 375
North Alexander, DE 75756', 'envio');
INSERT INTO direcciones (usuario_id, direccion, tipo) VALUES (8, '81143 Hinton Hill
Stevenville, HI 05671', 'facturacion');
INSERT INTO direcciones (usuario_id, direccion, tipo) VALUES (8, '561 Melissa Cape Apt. 225
Patriciaview, VA 12684', 'envio');
INSERT INTO direcciones (usuario_id, direccion, tipo) VALUES (9, '16674 Vaughn Neck Suite 212
Port Erikchester, OR 63766', 'facturacion');
INSERT INTO direcciones (usuario_id, direccion, tipo) VALUES (9, '96590 Timothy Oval Apt. 670
West Dianatown, TX 69289', 'envio');
INSERT INTO direcciones (usuario_id, direccion, tipo) VALUES (10, '588 Ryan Stream
South Michael, SD 50947', 'facturacion');
INSERT INTO direcciones (usuario_id, direccion, tipo) VALUES (10, '28772 Karen Islands
West Tara, NY 29691', 'envio');
INSERT INTO direcciones (usuario_id, direccion, tipo) VALUES (11, '3177 Miller Parks Suite 517
North Richardton, OH 00523', 'facturacion');
INSERT INTO direcciones (usuario_id, direccion, tipo) VALUES (11, '837 Cox Center Apt. 758
Moranstad, NV 15446', 'envio');
INSERT INTO direcciones (usuario_id, direccion, tipo) VALUES (12, '55488 Park Cape
South Donald, WA 95077', 'facturacion');
INSERT INTO direcciones (usuario_id, direccion, tipo) VALUES (12, '331 Lewis Views Apt. 516
Lake Maryshire, WI 59549', 'envio');
INSERT INTO direcciones (usuario_id, direccion, tipo) VALUES (13, '0808 Roberson Orchard
Lake Beth, DC 14074', 'facturacion');
INSERT INTO direcciones (usuario_id, direccion, tipo) VALUES (13, '669 Joshua Junctions Suite 722
Morrisonhaven, UT 72303', 'envio');
INSERT INTO direcciones (usuario_id, direccion, tipo) VALUES (14, '39452 William Square
Jenniferstad, NJ 76890', 'facturacion');
INSERT INTO direcciones (usuario_id, direccion, tipo) VALUES (14, '846 Alexandra Burg Suite 200
West Karen, LA 90074', 'envio');
INSERT INTO direcciones (usuario_id, direccion, tipo) VALUES (15, '438 Michael Mission
New Mirandaside, IN 97810', 'facturacion');
INSERT INTO direcciones (usuario_id, direccion, tipo) VALUES (15, '84066 Frye Spur Suite 800
Jamesmouth, IN 83572', 'envio');
INSERT INTO direcciones (usuario_id, direccion, tipo) VALUES (16, '893 Kelly Fall Apt. 228
South Billyview, KS 17549', 'facturacion');
INSERT INTO direcciones (usuario_id, direccion, tipo) VALUES (16, '57202 Carlson Trail Suite 798
Charlesmouth, IN 24601', 'envio');
INSERT INTO direcciones (usuario_id, direccion, tipo) VALUES (17, '8861 Walker Forest
Markport, WV 81540', 'facturacion');
INSERT INTO direcciones (usuario_id, direccion, tipo) VALUES (17, '57399 Susan Springs
Patrickville, KS 71310', 'envio');
INSERT INTO direcciones (usuario_id, direccion, tipo) VALUES (18, '588 Tucker Hill
West Willie, GA 71014', 'facturacion');
INSERT INTO direcciones (usuario_id, direccion, tipo) VALUES (18, '36138 Lucas Cliffs
North Stephen, AZ 11972', 'envio');
INSERT INTO direcciones (usuario_id, direccion, tipo) VALUES (19, '8193 Russell Mission
Hamiltontown, TX 16007', 'facturacion');
INSERT INTO direcciones (usuario_id, direccion, tipo) VALUES (19, '901 Reilly Coves
Kristinport, CO 37400', 'envio');
INSERT INTO direcciones (usuario_id, direccion, tipo) VALUES (20, '6072 Derek Lock Suite 245
New Nancyberg, AZ 01160', 'facturacion');
INSERT INTO direcciones (usuario_id, direccion, tipo) VALUES (20, '814 Kaitlin Stream Suite 368
East Jack, KS 25971', 'envio');
INSERT INTO direcciones (usuario_id, direccion, tipo) VALUES (21, '781 Powers Glen
East Jessicafort, MI 17306', 'facturacion');
INSERT INTO direcciones (usuario_id, direccion, tipo) VALUES (21, '49135 Hayes Ridges
Heatherberg, OK 48275', 'envio');
INSERT INTO direcciones (usuario_id, direccion, tipo) VALUES (22, '05336 Larsen Dale Suite 777
Kimfort, CT 23539', 'facturacion');
INSERT INTO direcciones (usuario_id, direccion, tipo) VALUES (22, '2834 Jessica Brook
Port Bonniefurt, OR 28387', 'envio');
INSERT INTO direcciones (usuario_id, direccion, tipo) VALUES (23, 'PSC 8488, Box 7256
APO AE 77781', 'facturacion');
INSERT INTO direcciones (usuario_id, direccion, tipo) VALUES (23, '78816 Shaw Shore Apt. 928
South Erik, OK 86931', 'envio');
INSERT INTO direcciones (usuario_id, direccion, tipo) VALUES (24, '750 Kathleen Fort
West Miketon, IL 68381', 'facturacion');
INSERT INTO direcciones (usuario_id, direccion, tipo) VALUES (24, 'PSC 5677, Box 0051
APO AP 68838', 'envio');
INSERT INTO direcciones (usuario_id, direccion, tipo) VALUES (25, '498 Nicholas Lane Suite 918
Nicholasbury, MO 46756', 'facturacion');
INSERT INTO direcciones (usuario_id, direccion, tipo) VALUES (25, '7908 Scott Forks Apt. 843
East Eric, VT 16010', 'envio');
INSERT INTO direcciones (usuario_id, direccion, tipo) VALUES (26, '1777 Brittany Rue Suite 030
New Brittany, SC 67694', 'facturacion');
INSERT INTO direcciones (usuario_id, direccion, tipo) VALUES (26, '24286 Natalie Stream
Staceyborough, PA 62290', 'envio');
INSERT INTO direcciones (usuario_id, direccion, tipo) VALUES (27, '69292 Jackson Spur
Sandrashire, IN 50073', 'facturacion');
INSERT INTO direcciones (usuario_id, direccion, tipo) VALUES (27, '38862 Gregory Ridges
Port Amandaville, NJ 86928', 'envio');
INSERT INTO direcciones (usuario_id, direccion, tipo) VALUES (28, '686 Golden Square
Perezfort, WI 50470', 'facturacion');
INSERT INTO direcciones (usuario_id, direccion, tipo) VALUES (28, '2473 Justin Wells
Scotttown, WA 01433', 'envio');
INSERT INTO direcciones (usuario_id, direccion, tipo) VALUES (29, '063 Ortiz Coves
South Denise, KS 70769', 'facturacion');
INSERT INTO direcciones (usuario_id, direccion, tipo) VALUES (29, '463 Arnold Point Suite 258
Kingport, MI 92971', 'envio');
INSERT INTO direcciones (usuario_id, direccion, tipo) VALUES (30, '137 Craig Pass
Hartmanside, UT 90228', 'facturacion');
INSERT INTO direcciones (usuario_id, direccion, tipo) VALUES (30, '0127 Davis Greens
West Christopher, VA 50875', 'envio');
INSERT INTO direcciones (usuario_id, direccion, tipo) VALUES (31, 'USCGC Mendez
FPO AP 38049', 'facturacion');
INSERT INTO direcciones (usuario_id, direccion, tipo) VALUES (31, '77038 Lee Tunnel
New Gavin, MN 31860', 'envio');
INSERT INTO direcciones (usuario_id, direccion, tipo) VALUES (32, '46566 April Street
North Andreaside, OR 46126', 'facturacion');
INSERT INTO direcciones (usuario_id, direccion, tipo) VALUES (32, '93769 Jose Lodge Apt. 818
Matthewville, NY 34277', 'envio');
INSERT INTO direcciones (usuario_id, direccion, tipo) VALUES (33, '769 Carrillo Throughway Suite 779
South Darrenland, SC 29386', 'facturacion');
INSERT INTO direcciones (usuario_id, direccion, tipo) VALUES (33, '6588 Jaclyn Greens
West Christopher, WA 45326', 'envio');
INSERT INTO direcciones (usuario_id, direccion, tipo) VALUES (34, '5539 White Summit
South Jillian, WA 32227', 'facturacion');
INSERT INTO direcciones (usuario_id, direccion, tipo) VALUES (34, '33952 David Common
Austinside, NJ 49154', 'envio');
INSERT INTO direcciones (usuario_id, direccion, tipo) VALUES (35, '472 Sanders Terrace Apt. 086
Ayerston, MI 52106', 'facturacion');
INSERT INTO direcciones (usuario_id, direccion, tipo) VALUES (35, '1875 Alexander Fords
Carpentermouth, RI 34540', 'envio');
INSERT INTO direcciones (usuario_id, direccion, tipo) VALUES (36, '47955 Victor Fords Suite 556
Shannonshire, OK 90417', 'facturacion');
INSERT INTO direcciones (usuario_id, direccion, tipo) VALUES (36, '438 Chase Flat
Port Susan, NJ 01777', 'envio');
INSERT INTO direcciones (usuario_id, direccion, tipo) VALUES (37, '88574 Hart Port Apt. 612
East Lisafort, SC 13123', 'facturacion');
INSERT INTO direcciones (usuario_id, direccion, tipo) VALUES (37, '5588 Cooper Loop Apt. 593
Port Justin, TX 67405', 'envio');
INSERT INTO direcciones (usuario_id, direccion, tipo) VALUES (38, '69472 Danielle Junction Suite 996
North Fernandobury, MD 86092', 'facturacion');
INSERT INTO direcciones (usuario_id, direccion, tipo) VALUES (38, '647 Adkins Pike Suite 622
East Jessicaview, UT 98770', 'envio');
INSERT INTO direcciones (usuario_id, direccion, tipo) VALUES (39, '1117 Anthony Locks
North Joseberg, SD 51598', 'facturacion');
INSERT INTO direcciones (usuario_id, direccion, tipo) VALUES (39, '472 Alison Extension
North Elizabethmouth, NJ 61736', 'envio');
INSERT INTO direcciones (usuario_id, direccion, tipo) VALUES (40, 'Unit 8487 Box 2829
DPO AP 60341', 'facturacion');
INSERT INTO direcciones (usuario_id, direccion, tipo) VALUES (40, '845 Fernandez Valley Apt. 745
Greenport, AL 69093', 'envio');
INSERT INTO direcciones (usuario_id, direccion, tipo) VALUES (41, '4780 Arroyo Neck
Albertchester, LA 78751', 'facturacion');
INSERT INTO direcciones (usuario_id, direccion, tipo) VALUES (41, '536 Foster Estates
Claytonbury, CO 55844', 'envio');
INSERT INTO direcciones (usuario_id, direccion, tipo) VALUES (42, '8463 Ian Highway Apt. 797
Jackiefort, MD 03043', 'facturacion');
INSERT INTO direcciones (usuario_id, direccion, tipo) VALUES (42, '14427 Jesse Drive
South Jeffchester, WY 65826', 'envio');
INSERT INTO direcciones (usuario_id, direccion, tipo) VALUES (43, 'Unit 7051 Box 2046
DPO AE 71698', 'facturacion');
INSERT INTO direcciones (usuario_id, direccion, tipo) VALUES (43, '6013 Wise Mills
Lake Virginia, NH 96881', 'envio');
INSERT INTO direcciones (usuario_id, direccion, tipo) VALUES (44, '6452 Julie Plaza
West Timothyport, MN 07328', 'facturacion');
INSERT INTO direcciones (usuario_id, direccion, tipo) VALUES (44, '36502 Richards Locks
North Tanya, WY 91039', 'envio');
INSERT INTO direcciones (usuario_id, direccion, tipo) VALUES (45, '1327 Gina Junction
North Michaelberg, ND 14577', 'facturacion');
INSERT INTO direcciones (usuario_id, direccion, tipo) VALUES (45, '8573 Hannah Knolls
West Rachel, VT 57845', 'envio');
INSERT INTO direcciones (usuario_id, direccion, tipo) VALUES (46, '92855 Hill Village Apt. 182
Phillipsview, MN 60018', 'facturacion');
INSERT INTO direcciones (usuario_id, direccion, tipo) VALUES (46, '209 Parsons Garden Suite 186
New Felicia, OH 20703', 'envio');
INSERT INTO direcciones (usuario_id, direccion, tipo) VALUES (47, '5118 Bradley Curve Apt. 031
Leeton, SD 51435', 'facturacion');
INSERT INTO direcciones (usuario_id, direccion, tipo) VALUES (47, '53910 Diana Village Apt. 705
Shortton, RI 35341', 'envio');
INSERT INTO direcciones (usuario_id, direccion, tipo) VALUES (48, '1381 Jessica Place
Lopezhaven, IA 75215', 'facturacion');
INSERT INTO direcciones (usuario_id, direccion, tipo) VALUES (48, '861 Craig Squares
Andradeburgh, HI 72586', 'envio');
INSERT INTO direcciones (usuario_id, direccion, tipo) VALUES (49, '289 Mahoney Island Suite 566
Charleneshire, IL 49661', 'facturacion');
INSERT INTO direcciones (usuario_id, direccion, tipo) VALUES (49, '7760 Tonya Ranch Apt. 824
West Traceyborough, MD 03345', 'envio');
INSERT INTO direcciones (usuario_id, direccion, tipo) VALUES (50, '889 Clinton Mount Suite 224
Pamelabury, KS 39862', 'facturacion');
INSERT INTO direcciones (usuario_id, direccion, tipo) VALUES (50, '315 Thompson Views Apt. 940
Millerton, WI 44330', 'envio');
INSERT INTO direcciones (usuario_id, direccion, tipo) VALUES (51, '1390 Brown Pine Apt. 589
West Wayne, FL 07122', 'facturacion');
INSERT INTO direcciones (usuario_id, direccion, tipo) VALUES (51, '9981 Ryan Turnpike Suite 225
South Ashleyton, MO 34914', 'envio');
INSERT INTO direcciones (usuario_id, direccion, tipo) VALUES (52, '227 Tony Run Apt. 898
East Charles, NE 42891', 'facturacion');
INSERT INTO direcciones (usuario_id, direccion, tipo) VALUES (52, '66553 Cooper Shoal
Port Kevinstad, NV 82182', 'envio');
INSERT INTO direcciones (usuario_id, direccion, tipo) VALUES (53, '35211 John River
Port Marissa, AL 45494', 'facturacion');
INSERT INTO direcciones (usuario_id, direccion, tipo) VALUES (53, '7705 Jody Forest
New Alexandra, OH 63812', 'envio');
INSERT INTO direcciones (usuario_id, direccion, tipo) VALUES (54, '069 Jonathan Circle
Jamesview, NH 86321', 'facturacion');
INSERT INTO direcciones (usuario_id, direccion, tipo) VALUES (54, 'USS Price
FPO AA 87399', 'envio');
INSERT INTO direcciones (usuario_id, direccion, tipo) VALUES (55, '04636 Rebecca Oval Apt. 238
Castrotown, IA 69892', 'facturacion');
INSERT INTO direcciones (usuario_id, direccion, tipo) VALUES (55, '2055 Garrett Freeway Suite 046
New Stacybury, MA 51992', 'envio');
INSERT INTO direcciones (usuario_id, direccion, tipo) VALUES (56, '689 Robert Ports
South Tara, PA 43661', 'facturacion');
INSERT INTO direcciones (usuario_id, direccion, tipo) VALUES (56, '29832 Barker Pine
South Wendy, FL 86514', 'envio');
INSERT INTO direcciones (usuario_id, direccion, tipo) VALUES (57, 'USNS Stewart
FPO AP 70357', 'facturacion');
INSERT INTO direcciones (usuario_id, direccion, tipo) VALUES (57, 'USS White
FPO AE 95800', 'envio');
INSERT INTO direcciones (usuario_id, direccion, tipo) VALUES (58, '6474 Kimberly Coves Apt. 209
Catherinebury, IN 30767', 'facturacion');
INSERT INTO direcciones (usuario_id, direccion, tipo) VALUES (58, '72897 White Loaf Suite 722
East Antonio, AL 35871', 'envio');
INSERT INTO direcciones (usuario_id, direccion, tipo) VALUES (59, 'USNS Newton
FPO AE 99824', 'facturacion');
INSERT INTO direcciones (usuario_id, direccion, tipo) VALUES (59, '9757 Ronald Trail
New Jillfurt, MD 52163', 'envio');
INSERT INTO direcciones (usuario_id, direccion, tipo) VALUES (60, '177 Natalie Gardens
Terrellton, MS 68150', 'facturacion');
INSERT INTO direcciones (usuario_id, direccion, tipo) VALUES (60, '47644 Jackson Hill
Lake Zacharyberg, SD 59705', 'envio');
INSERT INTO direcciones (usuario_id, direccion, tipo) VALUES (61, '98266 Hayes Fall
Garzaborough, NH 12321', 'facturacion');
INSERT INTO direcciones (usuario_id, direccion, tipo) VALUES (61, '111 Walters Corner
Acostahaven, GA 50135', 'envio');
INSERT INTO direcciones (usuario_id, direccion, tipo) VALUES (62, '59222 Kayla Center
Parkermouth, SC 24185', 'facturacion');
INSERT INTO direcciones (usuario_id, direccion, tipo) VALUES (62, '09407 Foley Plains
New Nicolebury, OR 86939', 'envio');
INSERT INTO direcciones (usuario_id, direccion, tipo) VALUES (63, '1990 Nicole Harbors Apt. 022
Lake Michaelberg, AZ 87925', 'facturacion');
INSERT INTO direcciones (usuario_id, direccion, tipo) VALUES (63, '1016 Evan Haven Apt. 795
North Kaylamouth, MS 09370', 'envio');
INSERT INTO direcciones (usuario_id, direccion, tipo) VALUES (64, '7214 Rose Pine
Lake Jason, CT 75391', 'facturacion');
INSERT INTO direcciones (usuario_id, direccion, tipo) VALUES (64, '9469 Green Ports
Sarashire, NC 96076', 'envio');
INSERT INTO direcciones (usuario_id, direccion, tipo) VALUES (65, '93430 Andrew Road Apt. 396
Williamsstad, SC 28332', 'facturacion');
INSERT INTO direcciones (usuario_id, direccion, tipo) VALUES (65, '441 Evans Plaza
Katieville, MA 45243', 'envio');
INSERT INTO direcciones (usuario_id, direccion, tipo) VALUES (66, '35577 Debbie Orchard
Lake Steven, ND 44424', 'facturacion');
INSERT INTO direcciones (usuario_id, direccion, tipo) VALUES (66, '084 Peters Brook Apt. 955
East Juantown, MS 82619', 'envio');
INSERT INTO direcciones (usuario_id, direccion, tipo) VALUES (67, '962 Michelle Terrace
Janetmouth, AZ 36086', 'facturacion');
INSERT INTO direcciones (usuario_id, direccion, tipo) VALUES (67, '57438 Thompson Landing Apt. 317
Port Timothyhaven, ID 45080', 'envio');
INSERT INTO direcciones (usuario_id, direccion, tipo) VALUES (68, 'PSC 8452, Box 1823
APO AP 05292', 'facturacion');
INSERT INTO direcciones (usuario_id, direccion, tipo) VALUES (68, '40915 Small Cove
Andrewport, IL 42559', 'envio');
INSERT INTO direcciones (usuario_id, direccion, tipo) VALUES (69, '8571 Hernandez Harbor Apt. 098
East Amyside, KY 19055', 'facturacion');
INSERT INTO direcciones (usuario_id, direccion, tipo) VALUES (69, 'USNV Andrews
FPO AE 09838', 'envio');
INSERT INTO direcciones (usuario_id, direccion, tipo) VALUES (70, '702 Thomas Spring Apt. 160
South Philipshire, UT 92168', 'facturacion');
INSERT INTO direcciones (usuario_id, direccion, tipo) VALUES (70, '5381 Bradley Course Suite 174
Ruizbury, RI 34324', 'envio');
INSERT INTO direcciones (usuario_id, direccion, tipo) VALUES (71, 'PSC 6255, Box 7701
APO AA 15297', 'facturacion');
INSERT INTO direcciones (usuario_id, direccion, tipo) VALUES (71, '45992 Richard Station Apt. 581
Amandafurt, MT 31771', 'envio');
INSERT INTO direcciones (usuario_id, direccion, tipo) VALUES (72, '6153 Mueller Mews
Amybury, TN 88267', 'facturacion');
INSERT INTO direcciones (usuario_id, direccion, tipo) VALUES (72, '99758 Lynn Fall Suite 619
Lake Lisafurt, NM 85041', 'envio');
INSERT INTO direcciones (usuario_id, direccion, tipo) VALUES (73, '29022 Schmidt Loaf
Gonzalezmouth, OK 89572', 'facturacion');
INSERT INTO direcciones (usuario_id, direccion, tipo) VALUES (73, '519 Cheryl Pass Suite 240
Rachelton, VT 73905', 'envio');
INSERT INTO direcciones (usuario_id, direccion, tipo) VALUES (74, '40369 Garrett Station Suite 666
Lake Glenn, ID 73301', 'facturacion');
INSERT INTO direcciones (usuario_id, direccion, tipo) VALUES (74, '2422 Charles Brook Apt. 762
East Dawnchester, NH 91647', 'envio');
INSERT INTO direcciones (usuario_id, direccion, tipo) VALUES (75, '278 Arnold Mission Suite 532
Jacobsshire, VA 31532', 'facturacion');
INSERT INTO direcciones (usuario_id, direccion, tipo) VALUES (75, '8950 Ashley Squares Suite 197
East Jessicahaven, WV 37125', 'envio');
INSERT INTO direcciones (usuario_id, direccion, tipo) VALUES (76, '913 Mccoy Shore
Lake Cynthiashire, RI 07418', 'facturacion');
INSERT INTO direcciones (usuario_id, direccion, tipo) VALUES (76, 'PSC 8077, Box 8795
APO AA 46758', 'envio');
INSERT INTO direcciones (usuario_id, direccion, tipo) VALUES (77, 'USNV Roberts
FPO AE 91602', 'facturacion');
INSERT INTO direcciones (usuario_id, direccion, tipo) VALUES (77, 'PSC 4940, Box 7929
APO AE 86526', 'envio');
INSERT INTO direcciones (usuario_id, direccion, tipo) VALUES (78, 'Unit 9047 Box 1281
DPO AA 33537', 'facturacion');
INSERT INTO direcciones (usuario_id, direccion, tipo) VALUES (78, '4019 Renee Streets Apt. 752
Kimberlybury, HI 69626', 'envio');
INSERT INTO direcciones (usuario_id, direccion, tipo) VALUES (79, '29276 Young Mill Apt. 395
Lake Josephville, GA 61320', 'facturacion');
INSERT INTO direcciones (usuario_id, direccion, tipo) VALUES (79, '8366 Baker Pines Suite 047
Gregoryhaven, AZ 13262', 'envio');
INSERT INTO direcciones (usuario_id, direccion, tipo) VALUES (80, 'PSC 5694, Box 5441
APO AA 86267', 'facturacion');
INSERT INTO direcciones (usuario_id, direccion, tipo) VALUES (80, '393 Byrd Falls Suite 800
North Roberthaven, TX 58951', 'envio');
INSERT INTO direcciones (usuario_id, direccion, tipo) VALUES (81, '3009 Brian Ranch Apt. 911
Port Cassandrafurt, WV 85423', 'facturacion');
INSERT INTO direcciones (usuario_id, direccion, tipo) VALUES (81, '24471 Livingston Harbor
Schwartzmouth, GA 10199', 'envio');
INSERT INTO direcciones (usuario_id, direccion, tipo) VALUES (82, '6504 Thompson Cliff
Krauseborough, MO 23889', 'facturacion');
INSERT INTO direcciones (usuario_id, direccion, tipo) VALUES (82, '86391 Baldwin Cove
North Chadview, NV 02960', 'envio');
INSERT INTO direcciones (usuario_id, direccion, tipo) VALUES (83, 'PSC 2006, Box 4256
APO AP 00986', 'facturacion');
INSERT INTO direcciones (usuario_id, direccion, tipo) VALUES (83, '6618 Aaron Spurs Suite 198
Mathewport, AR 83374', 'envio');
INSERT INTO direcciones (usuario_id, direccion, tipo) VALUES (84, 'Unit 1585 Box 1743
DPO AE 73177', 'facturacion');
INSERT INTO direcciones (usuario_id, direccion, tipo) VALUES (84, '346 Crystal Knolls Suite 173
North James, OR 31759', 'envio');
INSERT INTO direcciones (usuario_id, direccion, tipo) VALUES (85, '478 Levy Brook
West Brianton, DE 28246', 'facturacion');
INSERT INTO direcciones (usuario_id, direccion, tipo) VALUES (85, '829 Sandy Camp Apt. 707
East Jacquelineberg, HI 83425', 'envio');
INSERT INTO direcciones (usuario_id, direccion, tipo) VALUES (86, '79291 Danny Ranch Apt. 136
Lisafurt, DE 90165', 'facturacion');
INSERT INTO direcciones (usuario_id, direccion, tipo) VALUES (86, '3092 Brown Harbor
Port Robert, MN 73037', 'envio');
INSERT INTO direcciones (usuario_id, direccion, tipo) VALUES (87, '021 Strickland Brook
Millertown, CO 93134', 'facturacion');
INSERT INTO direcciones (usuario_id, direccion, tipo) VALUES (87, '7232 Mills Loop Apt. 290
Lake Vincent, SC 39979', 'envio');
INSERT INTO direcciones (usuario_id, direccion, tipo) VALUES (88, '331 Christine Wall
South Kaylee, IL 36732', 'facturacion');
INSERT INTO direcciones (usuario_id, direccion, tipo) VALUES (88, '77220 Deanna Haven
South John, WV 59895', 'envio');
INSERT INTO direcciones (usuario_id, direccion, tipo) VALUES (89, '220 Robertson Cliffs
Lake Sean, MD 55428', 'facturacion');
INSERT INTO direcciones (usuario_id, direccion, tipo) VALUES (89, '15313 Kane Lane Apt. 179
Brownchester, IL 80380', 'envio');
INSERT INTO direcciones (usuario_id, direccion, tipo) VALUES (90, '2735 Harris Crossroad Apt. 904
North Melissa, MT 22940', 'facturacion');
INSERT INTO direcciones (usuario_id, direccion, tipo) VALUES (90, '9292 Christopher Walks
Atkinsborough, NJ 61156', 'envio');
INSERT INTO direcciones (usuario_id, direccion, tipo) VALUES (91, '335 Riley Ramp Apt. 906
North Vickiehaven, NE 70116', 'facturacion');
INSERT INTO direcciones (usuario_id, direccion, tipo) VALUES (91, '7318 Heather Lodge
East Michael, SD 12393', 'envio');
INSERT INTO direcciones (usuario_id, direccion, tipo) VALUES (92, '79907 Ingram Well Suite 257
Port Courtneyfurt, UT 44135', 'facturacion');
INSERT INTO direcciones (usuario_id, direccion, tipo) VALUES (92, '4989 Kristin Common Suite 085
North Patrickmouth, AZ 48417', 'envio');
INSERT INTO direcciones (usuario_id, direccion, tipo) VALUES (93, '325 Amber Run
Mclaughlinshire, UT 27999', 'facturacion');
INSERT INTO direcciones (usuario_id, direccion, tipo) VALUES (93, '5486 Brown Landing
Shaunhaven, DE 62126', 'envio');
INSERT INTO direcciones (usuario_id, direccion, tipo) VALUES (94, '9513 Miller Lock Apt. 411
West Daniel, NM 20227', 'facturacion');
INSERT INTO direcciones (usuario_id, direccion, tipo) VALUES (94, '6827 Fisher Street
West Jaimetown, IN 68608', 'envio');
INSERT INTO direcciones (usuario_id, direccion, tipo) VALUES (95, '557 Ellis Port Apt. 424
South Nathan, WI 06703', 'facturacion');
INSERT INTO direcciones (usuario_id, direccion, tipo) VALUES (95, '2928 White Extensions Apt. 231
West Autumnmouth, MN 24683', 'envio');
INSERT INTO direcciones (usuario_id, direccion, tipo) VALUES (96, '552 West Estates
Davidtown, NM 19556', 'facturacion');
INSERT INTO direcciones (usuario_id, direccion, tipo) VALUES (96, 'USNV Moore
FPO AP 72085', 'envio');
INSERT INTO direcciones (usuario_id, direccion, tipo) VALUES (97, 'Unit 5474 Box 9297
DPO AA 90828', 'facturacion');
INSERT INTO direcciones (usuario_id, direccion, tipo) VALUES (97, '28140 Williamson Forges Suite 515
New Danielleshire, IN 36929', 'envio');
INSERT INTO direcciones (usuario_id, direccion, tipo) VALUES (98, '718 Lee Island
Lake Michaelberg, NE 48949', 'facturacion');
INSERT INTO direcciones (usuario_id, direccion, tipo) VALUES (98, '5547 Jason Mills
Laraport, VA 56053', 'envio');
INSERT INTO direcciones (usuario_id, direccion, tipo) VALUES (99, '99123 Wells Ways Suite 196
North Robertview, HI 73352', 'facturacion');
INSERT INTO direcciones (usuario_id, direccion, tipo) VALUES (99, '26487 Mackenzie Hollow
Troymouth, AK 00821', 'envio');
INSERT INTO direcciones (usuario_id, direccion, tipo) VALUES (100, '714 White Spurs Apt. 014
Gambleland, WA 47917', 'facturacion');
INSERT INTO direcciones (usuario_id, direccion, tipo) VALUES (100, '7158 Megan Estates Apt. 257
West Frank, MN 55487', 'envio');
INSERT INTO direcciones (usuario_id, direccion, tipo) VALUES (101, '44818 Katie Falls Apt. 928
Moniqueport, TX 91984', 'facturacion');
INSERT INTO direcciones (usuario_id, direccion, tipo) VALUES (101, '952 Derrick Haven
Kimberlychester, GA 13925', 'envio');
INSERT INTO direcciones (usuario_id, direccion, tipo) VALUES (102, '89888 Robert Club
Port Davidtown, MI 41339', 'facturacion');
INSERT INTO direcciones (usuario_id, direccion, tipo) VALUES (102, '9852 Johnson Via
East Davidberg, IN 40796', 'envio');
INSERT INTO direcciones (usuario_id, direccion, tipo) VALUES (103, '61107 Williams Coves
Port Donnashire, NJ 16088', 'facturacion');
INSERT INTO direcciones (usuario_id, direccion, tipo) VALUES (103, 'PSC 0140, Box 1193
APO AP 26718', 'envio');
INSERT INTO direcciones (usuario_id, direccion, tipo) VALUES (104, '12495 Martin Parkway Apt. 891
Port Belindatown, IL 94323', 'facturacion');
INSERT INTO direcciones (usuario_id, direccion, tipo) VALUES (104, '80138 Richardson Radial Apt. 712
Tinachester, NY 30326', 'envio');
INSERT INTO direcciones (usuario_id, direccion, tipo) VALUES (105, '71827 Bush Point Apt. 157
South Justinport, NV 30106', 'facturacion');
INSERT INTO direcciones (usuario_id, direccion, tipo) VALUES (105, '3175 Alexander Spring Suite 167
North Douglasfurt, OR 13833', 'envio');
INSERT INTO direcciones (usuario_id, direccion, tipo) VALUES (106, '53539 Martinez Villages
Hardyview, VT 76774', 'facturacion');
INSERT INTO direcciones (usuario_id, direccion, tipo) VALUES (106, '7967 Hernandez Motorway Apt. 147
Hallberg, CT 97205', 'envio');
INSERT INTO direcciones (usuario_id, direccion, tipo) VALUES (107, '0269 Hernandez Road
Port Charleshaven, NM 61583', 'facturacion');
INSERT INTO direcciones (usuario_id, direccion, tipo) VALUES (107, '8485 Stephanie Bypass Suite 167
Melissamouth, AZ 04807', 'envio');
INSERT INTO direcciones (usuario_id, direccion, tipo) VALUES (108, '276 Larry Loaf Suite 197
Alvarezburgh, AR 51800', 'facturacion');
INSERT INTO direcciones (usuario_id, direccion, tipo) VALUES (108, '545 Anthony Cape Apt. 559
Port Patriciamouth, CT 56619', 'envio');
INSERT INTO direcciones (usuario_id, direccion, tipo) VALUES (109, '5033 Deborah Ramp Apt. 141
Geoffreyside, AZ 60913', 'facturacion');
INSERT INTO direcciones (usuario_id, direccion, tipo) VALUES (109, '864 Heather Radial Apt. 569
Morrisville, NM 13615', 'envio');
INSERT INTO direcciones (usuario_id, direccion, tipo) VALUES (110, '7852 Cox Mews
South Cynthia, CA 70733', 'facturacion');
INSERT INTO direcciones (usuario_id, direccion, tipo) VALUES (110, '49639 Jennifer Prairie Apt. 954
New Lauriefort, IL 46024', 'envio');
INSERT INTO direcciones (usuario_id, direccion, tipo) VALUES (111, '468 Gonzalez Locks Suite 987
North Courtney, HI 76109', 'facturacion');
INSERT INTO direcciones (usuario_id, direccion, tipo) VALUES (111, '8969 Alexa Lakes Suite 232
Meganchester, CA 83591', 'envio');
INSERT INTO direcciones (usuario_id, direccion, tipo) VALUES (112, '4249 Richard Crescent Apt. 303
Stevenside, NE 85294', 'facturacion');
INSERT INTO direcciones (usuario_id, direccion, tipo) VALUES (112, 'PSC 3242, Box 0448
APO AE 84949', 'envio');
INSERT INTO direcciones (usuario_id, direccion, tipo) VALUES (113, '01594 Rachel Lodge Suite 162
North Ashley, DE 68915', 'facturacion');
INSERT INTO direcciones (usuario_id, direccion, tipo) VALUES (113, '1391 Murphy Prairie Suite 363
North Gregory, NV 54027', 'envio');
INSERT INTO direcciones (usuario_id, direccion, tipo) VALUES (114, '8515 Wells Gateway
Natashaberg, NJ 94305', 'facturacion');
INSERT INTO direcciones (usuario_id, direccion, tipo) VALUES (114, '90034 Parker Squares Suite 183
Pricefurt, KS 39939', 'envio');
INSERT INTO direcciones (usuario_id, direccion, tipo) VALUES (115, '3275 Mccormick Harbor
Port Kimberlyfort, WA 54628', 'facturacion');
INSERT INTO direcciones (usuario_id, direccion, tipo) VALUES (115, 'PSC 5612, Box 4815
APO AA 79421', 'envio');
INSERT INTO direcciones (usuario_id, direccion, tipo) VALUES (116, '0027 Aaron Flats Suite 591
East Johnberg, PA 90384', 'facturacion');
INSERT INTO direcciones (usuario_id, direccion, tipo) VALUES (116, '7242 Marsh Flat Apt. 652
Waltershire, AK 03511', 'envio');
INSERT INTO direcciones (usuario_id, direccion, tipo) VALUES (117, 'PSC 9317, Box 3420
APO AA 81504', 'facturacion');
INSERT INTO direcciones (usuario_id, direccion, tipo) VALUES (117, '15291 Jennifer Mews Suite 713
East Sophia, WY 35392', 'envio');
INSERT INTO direcciones (usuario_id, direccion, tipo) VALUES (118, '2639 Wanda Haven Apt. 626
North Kelly, IA 81461', 'facturacion');
INSERT INTO direcciones (usuario_id, direccion, tipo) VALUES (118, '9710 Anderson Islands
Mcdanielfurt, NE 96983', 'envio');
INSERT INTO direcciones (usuario_id, direccion, tipo) VALUES (119, '80053 Odonnell Rest
North Jonfurt, MO 88484', 'facturacion');
INSERT INTO direcciones (usuario_id, direccion, tipo) VALUES (119, '242 Conrad Wells
Andersonmouth, NC 57245', 'envio');
INSERT INTO direcciones (usuario_id, direccion, tipo) VALUES (120, '0274 Howe Haven
Chloeview, MD 57618', 'facturacion');
INSERT INTO direcciones (usuario_id, direccion, tipo) VALUES (120, '728 Brown Drive Apt. 320
Greenmouth, DE 65369', 'envio');
INSERT INTO direcciones (usuario_id, direccion, tipo) VALUES (121, '877 Rodriguez Stravenue Apt. 151
Port Justin, GA 98796', 'facturacion');
INSERT INTO direcciones (usuario_id, direccion, tipo) VALUES (121, '939 Alicia Ports Apt. 613
Rhodesmouth, LA 89801', 'envio');
INSERT INTO direcciones (usuario_id, direccion, tipo) VALUES (122, 'Unit 1659 Box 1520
DPO AE 60824', 'facturacion');
INSERT INTO direcciones (usuario_id, direccion, tipo) VALUES (122, '4905 Diana Mission Suite 923
Port Dawnmouth, AR 97992', 'envio');
INSERT INTO direcciones (usuario_id, direccion, tipo) VALUES (123, '64236 Andrew Fords Apt. 664
North Kenneth, NE 96955', 'facturacion');
INSERT INTO direcciones (usuario_id, direccion, tipo) VALUES (123, '925 Marilyn Passage Apt. 776
Adamschester, WV 55883', 'envio');
INSERT INTO direcciones (usuario_id, direccion, tipo) VALUES (124, '6108 Mcpherson Springs
Lake Gina, NM 69612', 'facturacion');
INSERT INTO direcciones (usuario_id, direccion, tipo) VALUES (124, '7617 Hernandez Crossroad
Mckenziehaven, LA 75020', 'envio');
INSERT INTO direcciones (usuario_id, direccion, tipo) VALUES (125, '81866 Steven Stravenue
Michaelshire, WI 66488', 'facturacion');
INSERT INTO direcciones (usuario_id, direccion, tipo) VALUES (125, '26016 Edwards Stream Suite 794
Tammyburgh, HI 10753', 'envio');
INSERT INTO direcciones (usuario_id, direccion, tipo) VALUES (126, '168 Adam Crescent Apt. 277
Meltonfort, RI 81338', 'facturacion');
INSERT INTO direcciones (usuario_id, direccion, tipo) VALUES (126, '1220 Daniel Brook Apt. 037
Lake John, SC 71094', 'envio');
INSERT INTO direcciones (usuario_id, direccion, tipo) VALUES (127, '2760 Gabriel Drives Suite 770
Richardsborough, OK 51846', 'facturacion');
INSERT INTO direcciones (usuario_id, direccion, tipo) VALUES (127, '66799 Johnson Locks
Palmerfort, VT 08457', 'envio');
INSERT INTO direcciones (usuario_id, direccion, tipo) VALUES (128, '581 Orozco Mall Suite 179
Shanechester, GA 38251', 'facturacion');
INSERT INTO direcciones (usuario_id, direccion, tipo) VALUES (128, '7383 Dorsey Walk Suite 246
Whitakerstad, NJ 21738', 'envio');
INSERT INTO direcciones (usuario_id, direccion, tipo) VALUES (129, '172 James Rest Suite 167
Jimmyside, AK 47527', 'facturacion');
INSERT INTO direcciones (usuario_id, direccion, tipo) VALUES (129, '228 Lindsay Junction Suite 193
New Jeffreyview, WY 47063', 'envio');
INSERT INTO direcciones (usuario_id, direccion, tipo) VALUES (130, '89107 Estes Throughway Apt. 199
Port Annahaven, GA 83066', 'facturacion');
INSERT INTO direcciones (usuario_id, direccion, tipo) VALUES (130, '2478 Oconnor Courts
Lake Michael, DC 16620', 'envio');
INSERT INTO direcciones (usuario_id, direccion, tipo) VALUES (131, '0375 Wagner Corner Suite 565
East Karen, MT 30409', 'facturacion');
INSERT INTO direcciones (usuario_id, direccion, tipo) VALUES (131, '6785 Scott Trail Apt. 811
Leroyburgh, AR 52047', 'envio');
INSERT INTO direcciones (usuario_id, direccion, tipo) VALUES (132, '084 Morales Springs
Jennifermouth, MI 01536', 'facturacion');
INSERT INTO direcciones (usuario_id, direccion, tipo) VALUES (132, '673 Terry Valleys
Roweport, AZ 70943', 'envio');
INSERT INTO direcciones (usuario_id, direccion, tipo) VALUES (133, '843 William Inlet
Katherineburgh, AK 71271', 'facturacion');
INSERT INTO direcciones (usuario_id, direccion, tipo) VALUES (133, '6810 Green Parkways
Davidville, ME 75531', 'envio');
INSERT INTO direcciones (usuario_id, direccion, tipo) VALUES (134, '3998 Michael Haven Apt. 683
West Zacharyborough, WI 47853', 'facturacion');
INSERT INTO direcciones (usuario_id, direccion, tipo) VALUES (134, '661 Bryan Curve
Lewisland, TX 69478', 'envio');
INSERT INTO direcciones (usuario_id, direccion, tipo) VALUES (135, '9767 Dennis Mall Apt. 282
Dawsonberg, NY 69856', 'facturacion');
INSERT INTO direcciones (usuario_id, direccion, tipo) VALUES (135, '7028 Dorsey Crest
Rodriguezstad, LA 05780', 'envio');
INSERT INTO direcciones (usuario_id, direccion, tipo) VALUES (136, '4544 Johnson Divide
Port Brittany, ME 37657', 'facturacion');
INSERT INTO direcciones (usuario_id, direccion, tipo) VALUES (136, '18510 Olson Inlet Suite 567
Port Dillon, NH 59474', 'envio');
INSERT INTO direcciones (usuario_id, direccion, tipo) VALUES (137, '519 Hughes Locks
Ambermouth, KY 85162', 'facturacion');
INSERT INTO direcciones (usuario_id, direccion, tipo) VALUES (137, '094 Dawn Corner
New Amber, AR 75244', 'envio');
INSERT INTO direcciones (usuario_id, direccion, tipo) VALUES (138, '018 Suzanne Harbor Apt. 397
Port Amandamouth, OR 06397', 'facturacion');
INSERT INTO direcciones (usuario_id, direccion, tipo) VALUES (138, '6260 Reyes Course
North Amberport, HI 33997', 'envio');
INSERT INTO direcciones (usuario_id, direccion, tipo) VALUES (139, '6209 White Station
West Petermouth, MT 42996', 'facturacion');
INSERT INTO direcciones (usuario_id, direccion, tipo) VALUES (139, '33993 Romero Parkways
Averyview, MD 61426', 'envio');
INSERT INTO direcciones (usuario_id, direccion, tipo) VALUES (140, '0630 Spencer Radial
East Kathrynberg, OK 53814', 'facturacion');
INSERT INTO direcciones (usuario_id, direccion, tipo) VALUES (140, '58238 Ali Point
Williamsmouth, RI 38413', 'envio');
INSERT INTO direcciones (usuario_id, direccion, tipo) VALUES (141, '07494 Kidd Ville
New Mary, AZ 21658', 'facturacion');
INSERT INTO direcciones (usuario_id, direccion, tipo) VALUES (141, '1612 Johns Fords
Nicolemouth, KS 99158', 'envio');
INSERT INTO direcciones (usuario_id, direccion, tipo) VALUES (142, '55379 Smith Square Apt. 097
North Emilychester, UT 92683', 'facturacion');
INSERT INTO direcciones (usuario_id, direccion, tipo) VALUES (142, '118 Patricia Via Suite 156
Paultown, NH 49060', 'envio');
INSERT INTO direcciones (usuario_id, direccion, tipo) VALUES (143, 'USCGC Smith
FPO AP 03093', 'facturacion');
INSERT INTO direcciones (usuario_id, direccion, tipo) VALUES (143, '19433 Coffey Camp Suite 793
East Traceyfurt, KY 75094', 'envio');
INSERT INTO direcciones (usuario_id, direccion, tipo) VALUES (144, '399 Cameron Crossroad
East Jordanshire, IN 69062', 'facturacion');
INSERT INTO direcciones (usuario_id, direccion, tipo) VALUES (144, '08948 Smith Meadow Apt. 566
Davidhaven, NM 47879', 'envio');
INSERT INTO direcciones (usuario_id, direccion, tipo) VALUES (145, '304 Patel Island
South Jamesland, OK 03826', 'facturacion');
INSERT INTO direcciones (usuario_id, direccion, tipo) VALUES (145, 'Unit 3613 Box 3254
DPO AE 82551', 'envio');
INSERT INTO direcciones (usuario_id, direccion, tipo) VALUES (146, '6095 Wright Mountains
West Marissa, MA 68615', 'facturacion');
INSERT INTO direcciones (usuario_id, direccion, tipo) VALUES (146, '971 Riley Corner
North Nicholasland, DC 08627', 'envio');
INSERT INTO direcciones (usuario_id, direccion, tipo) VALUES (147, 'PSC 7049, Box 6110
APO AP 07343', 'facturacion');
INSERT INTO direcciones (usuario_id, direccion, tipo) VALUES (147, '1963 Shawn Mountain Suite 991
Debratown, NC 43518', 'envio');
INSERT INTO direcciones (usuario_id, direccion, tipo) VALUES (148, '09193 Dana Glens
Robertmouth, IA 18546', 'facturacion');
INSERT INTO direcciones (usuario_id, direccion, tipo) VALUES (148, '49685 Silva Plains
East Terrance, MA 38651', 'envio');
INSERT INTO direcciones (usuario_id, direccion, tipo) VALUES (149, '920 William Village
South Mauriceborough, ID 09466', 'facturacion');
INSERT INTO direcciones (usuario_id, direccion, tipo) VALUES (149, '795 Jensen Manor Suite 217
South Jeffreytown, IN 91362', 'envio');
INSERT INTO direcciones (usuario_id, direccion, tipo) VALUES (150, '75636 Margaret Avenue
Alejandrostad, OH 15599', 'facturacion');
INSERT INTO direcciones (usuario_id, direccion, tipo) VALUES (150, '95003 Justin Forges Suite 258
East James, KS 13764', 'envio');
INSERT INTO proveedores (id, nombre, contacto) VALUES (1, 'Decker and Sons', '(153)473-5528x9611');
INSERT INTO proveedores (id, nombre, contacto) VALUES (2, 'Andrade and Sons', '386.559.6309');
INSERT INTO proveedores (id, nombre, contacto) VALUES (3, 'Lopez, Nichols and Clarke', '304-289-7317x91286');
INSERT INTO proveedores (id, nombre, contacto) VALUES (4, 'Potter, Brooks and Stone', '(558)777-4969');
INSERT INTO proveedores (id, nombre, contacto) VALUES (5, 'Johnson, Robinson and Harris', '634.669.2548');
INSERT INTO proveedores (id, nombre, contacto) VALUES (6, 'Taylor Inc', '785-390-7895x6776');
INSERT INTO proveedores (id, nombre, contacto) VALUES (7, 'Richardson-Jimenez', '602-734-1514x888');
INSERT INTO proveedores (id, nombre, contacto) VALUES (8, 'Miller, Hill and Perez', '150-835-3544');
INSERT INTO proveedores (id, nombre, contacto) VALUES (9, 'Ochoa, Sutton and Hill', '001-928-404-4566x907');
INSERT INTO proveedores (id, nombre, contacto) VALUES (10, 'Hunt, Juarez and Hernandez', '(333)738-9877x5153');
INSERT INTO proveedores (id, nombre, contacto) VALUES (11, 'Carrillo-Wolfe', '778.052.9240');
INSERT INTO proveedores (id, nombre, contacto) VALUES (12, 'Cochran-Flowers', '366-684-5909x02259');
INSERT INTO proveedores (id, nombre, contacto) VALUES (13, 'Lloyd, Mcintyre and Berry', '(636)186-3715x9741');
INSERT INTO proveedores (id, nombre, contacto) VALUES (14, 'Garcia PLC', '(097)023-1643');
INSERT INTO proveedores (id, nombre, contacto) VALUES (15, 'Carter PLC', '705-802-5662');
INSERT INTO proveedores (id, nombre, contacto) VALUES (16, 'Anderson Group', '163.234.6729x9493');
INSERT INTO proveedores (id, nombre, contacto) VALUES (17, 'Moran, Stevens and Harris', '(716)938-5977');
INSERT INTO proveedores (id, nombre, contacto) VALUES (18, 'Johnston-Mclaughlin', '754-692-6329x6762');
INSERT INTO proveedores (id, nombre, contacto) VALUES (19, 'Carroll, Long and Bautista', '248.413.7681');
INSERT INTO proveedores (id, nombre, contacto) VALUES (20, 'Jones-Garcia', '001-567-243-8070x17656');
INSERT INTO categorias (id, nombre) VALUES (1, 'Categoria 1');
INSERT INTO categorias (id, nombre) VALUES (2, 'Categoria 2');
INSERT INTO categorias (id, nombre) VALUES (3, 'Categoria 3');
INSERT INTO categorias (id, nombre) VALUES (4, 'Categoria 4');
INSERT INTO categorias (id, nombre) VALUES (5, 'Categoria 5');
INSERT INTO categorias (id, nombre) VALUES (6, 'Categoria 6');
INSERT INTO categorias (id, nombre) VALUES (7, 'Categoria 7');
INSERT INTO categorias (id, nombre) VALUES (8, 'Categoria 8');
INSERT INTO categorias (id, nombre) VALUES (9, 'Categoria 9');
INSERT INTO categorias (id, nombre) VALUES (10, 'Categoria 10');
INSERT INTO productos (id, nombre, descripcion, precio, stock, sku, estado) VALUES (1, 'Total', 'However action boy true force.', 11.04, 53, 'SKU0001', 'eliminado');
INSERT INTO productos_categorias (producto_id, categoria_id) VALUES (1, 8);
INSERT INTO productos_proveedores (producto_id, proveedor_id) VALUES (1, 17);
INSERT INTO productos (id, nombre, descripcion, precio, stock, sku, estado) VALUES (2, 'Smile', 'Machine attention nature drug wear cell star.', 28.88, 75, 'SKU0002', 'activo');
INSERT INTO productos_categorias (producto_id, categoria_id) VALUES (2, 2);
INSERT INTO productos_proveedores (producto_id, proveedor_id) VALUES (2, 18);
INSERT INTO productos (id, nombre, descripcion, precio, stock, sku, estado) VALUES (3, 'Thought', 'Color adult beyond family.', 76.33, 87, 'SKU0003', 'inactivo');
INSERT INTO productos_categorias (producto_id, categoria_id) VALUES (3, 2);
INSERT INTO productos_proveedores (producto_id, proveedor_id) VALUES (3, 10);
INSERT INTO productos (id, nombre, descripcion, precio, stock, sku, estado) VALUES (4, 'Nor', 'Collection provide action event key concern.', 46.3, 63, 'SKU0004', 'activo');
INSERT INTO productos_categorias (producto_id, categoria_id) VALUES (4, 5);
INSERT INTO productos_proveedores (producto_id, proveedor_id) VALUES (4, 17);
INSERT INTO productos (id, nombre, descripcion, precio, stock, sku, estado) VALUES (5, 'Send', 'Throughout mother kind.', 77.39, 69, 'SKU0005', 'activo');
INSERT INTO productos_categorias (producto_id, categoria_id) VALUES (5, 5);
INSERT INTO productos_proveedores (producto_id, proveedor_id) VALUES (5, 17);
INSERT INTO productos (id, nombre, descripcion, precio, stock, sku, estado) VALUES (6, 'Anyone', 'Political respond to hospital final appear above.', 62.85, 24, 'SKU0006', 'inactivo');
INSERT INTO productos_categorias (producto_id, categoria_id) VALUES (6, 3);
INSERT INTO productos_proveedores (producto_id, proveedor_id) VALUES (6, 18);
INSERT INTO productos (id, nombre, descripcion, precio, stock, sku, estado) VALUES (7, 'Sport', 'Short up hear draw before instead.', 95.58, 72, 'SKU0007', 'activo');
INSERT INTO productos_categorias (producto_id, categoria_id) VALUES (7, 10);
INSERT INTO productos_proveedores (producto_id, proveedor_id) VALUES (7, 11);
INSERT INTO productos (id, nombre, descripcion, precio, stock, sku, estado) VALUES (8, 'Address', 'Star quite as when benefit structure.', 51.42, 19, 'SKU0008', 'inactivo');
INSERT INTO productos_categorias (producto_id, categoria_id) VALUES (8, 5);
INSERT INTO productos_proveedores (producto_id, proveedor_id) VALUES (8, 8);
INSERT INTO productos (id, nombre, descripcion, precio, stock, sku, estado) VALUES (9, 'Red', 'Right analysis mention spring.', 10.5, 77, 'SKU0009', 'activo');
INSERT INTO productos_categorias (producto_id, categoria_id) VALUES (9, 2);
INSERT INTO productos_proveedores (producto_id, proveedor_id) VALUES (9, 16);
INSERT INTO productos (id, nombre, descripcion, precio, stock, sku, estado) VALUES (10, 'Future', 'Phone person various house into discussion black.', 82.52, 73, 'SKU0010', 'activo');
INSERT INTO productos_categorias (producto_id, categoria_id) VALUES (10, 3);
INSERT INTO productos_proveedores (producto_id, proveedor_id) VALUES (10, 16);
INSERT INTO productos (id, nombre, descripcion, precio, stock, sku, estado) VALUES (11, 'Game', 'Address pressure activity defense.', 94.95, 26, 'SKU0011', 'inactivo');
INSERT INTO productos_categorias (producto_id, categoria_id) VALUES (11, 9);
INSERT INTO productos_proveedores (producto_id, proveedor_id) VALUES (11, 20);
INSERT INTO productos (id, nombre, descripcion, precio, stock, sku, estado) VALUES (12, 'Discussion', 'Price everything perhaps analysis.', 45.2, 32, 'SKU0012', 'eliminado');
INSERT INTO productos_categorias (producto_id, categoria_id) VALUES (12, 4);
INSERT INTO productos_proveedores (producto_id, proveedor_id) VALUES (12, 10);
INSERT INTO productos (id, nombre, descripcion, precio, stock, sku, estado) VALUES (13, 'Value', 'In should matter wrong Republican.', 42.9, 90, 'SKU0013', 'eliminado');
INSERT INTO productos_categorias (producto_id, categoria_id) VALUES (13, 6);
INSERT INTO productos_proveedores (producto_id, proveedor_id) VALUES (13, 15);
INSERT INTO productos (id, nombre, descripcion, precio, stock, sku, estado) VALUES (14, 'Strong', 'Commercial where outside wonder recent question win.', 90.46, 62, 'SKU0014', 'activo');
INSERT INTO productos_categorias (producto_id, categoria_id) VALUES (14, 4);
INSERT INTO productos_proveedores (producto_id, proveedor_id) VALUES (14, 8);
INSERT INTO productos (id, nombre, descripcion, precio, stock, sku, estado) VALUES (15, 'Rule', 'Forward play this fish.', 11.08, 7, 'SKU0015', 'eliminado');
INSERT INTO productos_categorias (producto_id, categoria_id) VALUES (15, 9);
INSERT INTO productos_proveedores (producto_id, proveedor_id) VALUES (15, 8);
INSERT INTO productos (id, nombre, descripcion, precio, stock, sku, estado) VALUES (16, 'Today', 'Attack adult treatment large memory score me.', 60.9, 5, 'SKU0016', 'activo');
INSERT INTO productos_categorias (producto_id, categoria_id) VALUES (16, 1);
INSERT INTO productos_proveedores (producto_id, proveedor_id) VALUES (16, 8);
INSERT INTO productos (id, nombre, descripcion, precio, stock, sku, estado) VALUES (17, 'Sea', 'Discussion pattern to.', 11.4, 9, 'SKU0017', 'inactivo');
INSERT INTO productos_categorias (producto_id, categoria_id) VALUES (17, 2);
INSERT INTO productos_proveedores (producto_id, proveedor_id) VALUES (17, 17);
INSERT INTO productos (id, nombre, descripcion, precio, stock, sku, estado) VALUES (18, 'For', 'Scene serious people art hear.', 27.61, 90, 'SKU0018', 'inactivo');
INSERT INTO productos_categorias (producto_id, categoria_id) VALUES (18, 4);
INSERT INTO productos_proveedores (producto_id, proveedor_id) VALUES (18, 18);
INSERT INTO productos (id, nombre, descripcion, precio, stock, sku, estado) VALUES (19, 'Fine', 'Charge daughter also type our.', 17.57, 78, 'SKU0019', 'eliminado');
INSERT INTO productos_categorias (producto_id, categoria_id) VALUES (19, 8);
INSERT INTO productos_proveedores (producto_id, proveedor_id) VALUES (19, 8);
INSERT INTO productos (id, nombre, descripcion, precio, stock, sku, estado) VALUES (20, 'Young', 'School forget everything poor set minute.', 79.54, 57, 'SKU0020', 'activo');
INSERT INTO productos_categorias (producto_id, categoria_id) VALUES (20, 2);
INSERT INTO productos_proveedores (producto_id, proveedor_id) VALUES (20, 4);
INSERT INTO productos (id, nombre, descripcion, precio, stock, sku, estado) VALUES (21, 'Join', 'Seek director run garden day.', 67.6, 50, 'SKU0021', 'inactivo');
INSERT INTO productos_categorias (producto_id, categoria_id) VALUES (21, 7);
INSERT INTO productos_proveedores (producto_id, proveedor_id) VALUES (21, 15);
INSERT INTO productos (id, nombre, descripcion, precio, stock, sku, estado) VALUES (22, 'Arm', 'Soon recent develop their miss.', 87.06, 11, 'SKU0022', 'eliminado');
INSERT INTO productos_categorias (producto_id, categoria_id) VALUES (22, 2);
INSERT INTO productos_proveedores (producto_id, proveedor_id) VALUES (22, 2);
INSERT INTO productos (id, nombre, descripcion, precio, stock, sku, estado) VALUES (23, 'Cover', 'Picture ask man west appear yeah.', 43.25, 48, 'SKU0023', 'activo');
INSERT INTO productos_categorias (producto_id, categoria_id) VALUES (23, 4);
INSERT INTO productos_proveedores (producto_id, proveedor_id) VALUES (23, 7);
INSERT INTO productos (id, nombre, descripcion, precio, stock, sku, estado) VALUES (24, 'Writer', 'By community nature somebody daughter.', 23.07, 62, 'SKU0024', 'activo');
INSERT INTO productos_categorias (producto_id, categoria_id) VALUES (24, 7);
INSERT INTO productos_proveedores (producto_id, proveedor_id) VALUES (24, 6);
INSERT INTO productos (id, nombre, descripcion, precio, stock, sku, estado) VALUES (25, 'Movement', 'International level clearly culture.', 31.46, 36, 'SKU0025', 'activo');
INSERT INTO productos_categorias (producto_id, categoria_id) VALUES (25, 8);
INSERT INTO productos_proveedores (producto_id, proveedor_id) VALUES (25, 18);
INSERT INTO productos (id, nombre, descripcion, precio, stock, sku, estado) VALUES (26, 'Language', 'Paper field office whose.', 14.3, 88, 'SKU0026', 'eliminado');
INSERT INTO productos_categorias (producto_id, categoria_id) VALUES (26, 1);
INSERT INTO productos_proveedores (producto_id, proveedor_id) VALUES (26, 3);
INSERT INTO productos (id, nombre, descripcion, precio, stock, sku, estado) VALUES (27, 'Defense', 'Television loss week growth help.', 93.0, 35, 'SKU0027', 'activo');
INSERT INTO productos_categorias (producto_id, categoria_id) VALUES (27, 7);
INSERT INTO productos_proveedores (producto_id, proveedor_id) VALUES (27, 16);
INSERT INTO productos (id, nombre, descripcion, precio, stock, sku, estado) VALUES (28, 'Market', 'Institution participant item choose west lot.', 50.73, 56, 'SKU0028', 'activo');
INSERT INTO productos_categorias (producto_id, categoria_id) VALUES (28, 3);
INSERT INTO productos_proveedores (producto_id, proveedor_id) VALUES (28, 13);
INSERT INTO productos (id, nombre, descripcion, precio, stock, sku, estado) VALUES (29, 'Sound', 'Into bar trade feel Mr need.', 5.2, 54, 'SKU0029', 'inactivo');
INSERT INTO productos_categorias (producto_id, categoria_id) VALUES (29, 8);
INSERT INTO productos_proveedores (producto_id, proveedor_id) VALUES (29, 10);
INSERT INTO productos (id, nombre, descripcion, precio, stock, sku, estado) VALUES (30, 'Continue', 'Herself figure exist no lose.', 45.19, 98, 'SKU0030', 'eliminado');
INSERT INTO productos_categorias (producto_id, categoria_id) VALUES (30, 8);
INSERT INTO productos_proveedores (producto_id, proveedor_id) VALUES (30, 5);
INSERT INTO productos (id, nombre, descripcion, precio, stock, sku, estado) VALUES (31, 'Goal', 'Resource cultural trouble above.', 23.04, 32, 'SKU0031', 'activo');
INSERT INTO productos_categorias (producto_id, categoria_id) VALUES (31, 10);
INSERT INTO productos_proveedores (producto_id, proveedor_id) VALUES (31, 18);
INSERT INTO productos (id, nombre, descripcion, precio, stock, sku, estado) VALUES (32, 'Training', 'Room hear identify indeed house score himself.', 10.79, 45, 'SKU0032', 'activo');
INSERT INTO productos_categorias (producto_id, categoria_id) VALUES (32, 1);
INSERT INTO productos_proveedores (producto_id, proveedor_id) VALUES (32, 19);
INSERT INTO productos (id, nombre, descripcion, precio, stock, sku, estado) VALUES (33, 'Foot', 'Author those yeah buy usually class several whatever.', 50.29, 72, 'SKU0033', 'activo');
INSERT INTO productos_categorias (producto_id, categoria_id) VALUES (33, 1);
INSERT INTO productos_proveedores (producto_id, proveedor_id) VALUES (33, 17);
INSERT INTO productos (id, nombre, descripcion, precio, stock, sku, estado) VALUES (34, 'Spend', 'Meeting major read recent prepare unit.', 12.61, 28, 'SKU0034', 'activo');
INSERT INTO productos_categorias (producto_id, categoria_id) VALUES (34, 10);
INSERT INTO productos_proveedores (producto_id, proveedor_id) VALUES (34, 3);
INSERT INTO productos (id, nombre, descripcion, precio, stock, sku, estado) VALUES (35, 'Simply', 'Drug alone spend piece put.', 69.15, 35, 'SKU0035', 'inactivo');
INSERT INTO productos_categorias (producto_id, categoria_id) VALUES (35, 2);
INSERT INTO productos_proveedores (producto_id, proveedor_id) VALUES (35, 19);
INSERT INTO productos (id, nombre, descripcion, precio, stock, sku, estado) VALUES (36, 'Save', 'End lay race effect.', 28.39, 81, 'SKU0036', 'activo');
INSERT INTO productos_categorias (producto_id, categoria_id) VALUES (36, 10);
INSERT INTO productos_proveedores (producto_id, proveedor_id) VALUES (36, 3);
INSERT INTO productos (id, nombre, descripcion, precio, stock, sku, estado) VALUES (37, 'Play', 'Weight success activity side popular true huge only.', 44.83, 79, 'SKU0037', 'eliminado');
INSERT INTO productos_categorias (producto_id, categoria_id) VALUES (37, 9);
INSERT INTO productos_proveedores (producto_id, proveedor_id) VALUES (37, 11);
INSERT INTO productos (id, nombre, descripcion, precio, stock, sku, estado) VALUES (38, 'Wear', 'Million country institution stop.', 93.8, 31, 'SKU0038', 'eliminado');
INSERT INTO productos_categorias (producto_id, categoria_id) VALUES (38, 6);
INSERT INTO productos_proveedores (producto_id, proveedor_id) VALUES (38, 8);
INSERT INTO productos (id, nombre, descripcion, precio, stock, sku, estado) VALUES (39, 'Entire', 'May mouth though only safe.', 30.23, 21, 'SKU0039', 'eliminado');
INSERT INTO productos_categorias (producto_id, categoria_id) VALUES (39, 5);
INSERT INTO productos_proveedores (producto_id, proveedor_id) VALUES (39, 15);
INSERT INTO productos (id, nombre, descripcion, precio, stock, sku, estado) VALUES (40, 'Soldier', 'Body of something sport.', 35.04, 14, 'SKU0040', 'activo');
INSERT INTO productos_categorias (producto_id, categoria_id) VALUES (40, 8);
INSERT INTO productos_proveedores (producto_id, proveedor_id) VALUES (40, 20);
INSERT INTO productos (id, nombre, descripcion, precio, stock, sku, estado) VALUES (41, 'Exist', 'Us huge final would staff.', 99.85, 17, 'SKU0041', 'activo');
INSERT INTO productos_categorias (producto_id, categoria_id) VALUES (41, 9);
INSERT INTO productos_proveedores (producto_id, proveedor_id) VALUES (41, 7);
INSERT INTO productos (id, nombre, descripcion, precio, stock, sku, estado) VALUES (42, 'Ability', 'Attorney recent modern pressure.', 53.06, 21, 'SKU0042', 'inactivo');
INSERT INTO productos_categorias (producto_id, categoria_id) VALUES (42, 2);
INSERT INTO productos_proveedores (producto_id, proveedor_id) VALUES (42, 8);
INSERT INTO productos (id, nombre, descripcion, precio, stock, sku, estado) VALUES (43, 'Significant', 'Color hear region cup consider way.', 40.11, 25, 'SKU0043', 'inactivo');
INSERT INTO productos_categorias (producto_id, categoria_id) VALUES (43, 9);
INSERT INTO productos_proveedores (producto_id, proveedor_id) VALUES (43, 10);
INSERT INTO productos (id, nombre, descripcion, precio, stock, sku, estado) VALUES (44, 'Little', 'Sport control arrive consumer service else total.', 63.11, 88, 'SKU0044', 'eliminado');
INSERT INTO productos_categorias (producto_id, categoria_id) VALUES (44, 1);
INSERT INTO productos_proveedores (producto_id, proveedor_id) VALUES (44, 18);
INSERT INTO productos (id, nombre, descripcion, precio, stock, sku, estado) VALUES (45, 'Issue', 'Phone person than coach fall help.', 33.44, 89, 'SKU0045', 'activo');
INSERT INTO productos_categorias (producto_id, categoria_id) VALUES (45, 3);
INSERT INTO productos_proveedores (producto_id, proveedor_id) VALUES (45, 9);
INSERT INTO productos (id, nombre, descripcion, precio, stock, sku, estado) VALUES (46, 'Factor', 'Garden one long pull.', 15.97, 18, 'SKU0046', 'eliminado');
INSERT INTO productos_categorias (producto_id, categoria_id) VALUES (46, 9);
INSERT INTO productos_proveedores (producto_id, proveedor_id) VALUES (46, 5);
INSERT INTO productos (id, nombre, descripcion, precio, stock, sku, estado) VALUES (47, 'Blood', 'Article seem account.', 30.87, 82, 'SKU0047', 'activo');
INSERT INTO productos_categorias (producto_id, categoria_id) VALUES (47, 6);
INSERT INTO productos_proveedores (producto_id, proveedor_id) VALUES (47, 7);
INSERT INTO productos (id, nombre, descripcion, precio, stock, sku, estado) VALUES (48, 'Pass', 'Best mission account.', 70.31, 38, 'SKU0048', 'eliminado');
INSERT INTO productos_categorias (producto_id, categoria_id) VALUES (48, 8);
INSERT INTO productos_proveedores (producto_id, proveedor_id) VALUES (48, 9);
INSERT INTO productos (id, nombre, descripcion, precio, stock, sku, estado) VALUES (49, 'Player', 'Would seven usually list front investment he.', 91.01, 11, 'SKU0049', 'activo');
INSERT INTO productos_categorias (producto_id, categoria_id) VALUES (49, 7);
INSERT INTO productos_proveedores (producto_id, proveedor_id) VALUES (49, 9);
INSERT INTO productos (id, nombre, descripcion, precio, stock, sku, estado) VALUES (50, 'Voice', 'Yourself stage wait professor her arm.', 9.19, 47, 'SKU0050', 'activo');
INSERT INTO productos_categorias (producto_id, categoria_id) VALUES (50, 5);
INSERT INTO productos_proveedores (producto_id, proveedor_id) VALUES (50, 6);
INSERT INTO productos (id, nombre, descripcion, precio, stock, sku, estado) VALUES (51, 'Heart', 'South able that I structure understand.', 75.42, 75, 'SKU0051', 'eliminado');
INSERT INTO productos_categorias (producto_id, categoria_id) VALUES (51, 7);
INSERT INTO productos_proveedores (producto_id, proveedor_id) VALUES (51, 18);
INSERT INTO productos (id, nombre, descripcion, precio, stock, sku, estado) VALUES (52, 'Agree', 'But most week seem eat later rather thank.', 5.92, 14, 'SKU0052', 'eliminado');
INSERT INTO productos_categorias (producto_id, categoria_id) VALUES (52, 3);
INSERT INTO productos_proveedores (producto_id, proveedor_id) VALUES (52, 18);
INSERT INTO productos (id, nombre, descripcion, precio, stock, sku, estado) VALUES (53, 'Myself', 'Produce about point walk focus plant.', 8.42, 52, 'SKU0053', 'eliminado');
INSERT INTO productos_categorias (producto_id, categoria_id) VALUES (53, 9);
INSERT INTO productos_proveedores (producto_id, proveedor_id) VALUES (53, 5);
INSERT INTO productos (id, nombre, descripcion, precio, stock, sku, estado) VALUES (54, 'Tv', 'Wide save question.', 45.83, 10, 'SKU0054', 'inactivo');
INSERT INTO productos_categorias (producto_id, categoria_id) VALUES (54, 6);
INSERT INTO productos_proveedores (producto_id, proveedor_id) VALUES (54, 2);
INSERT INTO productos (id, nombre, descripcion, precio, stock, sku, estado) VALUES (55, 'East', 'Machine school soldier give voice walk live probably.', 90.4, 31, 'SKU0055', 'eliminado');
INSERT INTO productos_categorias (producto_id, categoria_id) VALUES (55, 4);
INSERT INTO productos_proveedores (producto_id, proveedor_id) VALUES (55, 4);
INSERT INTO productos (id, nombre, descripcion, precio, stock, sku, estado) VALUES (56, 'Scene', 'Safe family crime century.', 38.6, 76, 'SKU0056', 'inactivo');
INSERT INTO productos_categorias (producto_id, categoria_id) VALUES (56, 10);
INSERT INTO productos_proveedores (producto_id, proveedor_id) VALUES (56, 5);
INSERT INTO productos (id, nombre, descripcion, precio, stock, sku, estado) VALUES (57, 'Nature', 'Size respond all marriage beautiful strategy you.', 92.95, 35, 'SKU0057', 'activo');
INSERT INTO productos_categorias (producto_id, categoria_id) VALUES (57, 3);
INSERT INTO productos_proveedores (producto_id, proveedor_id) VALUES (57, 14);
INSERT INTO productos (id, nombre, descripcion, precio, stock, sku, estado) VALUES (58, 'Two', 'Collection land break production drive deep send.', 7.35, 99, 'SKU0058', 'inactivo');
INSERT INTO productos_categorias (producto_id, categoria_id) VALUES (58, 7);
INSERT INTO productos_proveedores (producto_id, proveedor_id) VALUES (58, 8);
INSERT INTO productos (id, nombre, descripcion, precio, stock, sku, estado) VALUES (59, 'Receive', 'Black year ahead upon.', 30.35, 94, 'SKU0059', 'activo');
INSERT INTO productos_categorias (producto_id, categoria_id) VALUES (59, 7);
INSERT INTO productos_proveedores (producto_id, proveedor_id) VALUES (59, 2);
INSERT INTO productos (id, nombre, descripcion, precio, stock, sku, estado) VALUES (60, 'General', 'Short detail election live today but.', 86.57, 33, 'SKU0060', 'activo');
INSERT INTO productos_categorias (producto_id, categoria_id) VALUES (60, 8);
INSERT INTO productos_proveedores (producto_id, proveedor_id) VALUES (60, 12);
INSERT INTO productos (id, nombre, descripcion, precio, stock, sku, estado) VALUES (61, 'Century', 'Plant man somebody four difference office under.', 33.99, 34, 'SKU0061', 'activo');
INSERT INTO productos_categorias (producto_id, categoria_id) VALUES (61, 1);
INSERT INTO productos_proveedores (producto_id, proveedor_id) VALUES (61, 7);
INSERT INTO productos (id, nombre, descripcion, precio, stock, sku, estado) VALUES (62, 'Attention', 'Help response save high politics no.', 42.85, 40, 'SKU0062', 'activo');
INSERT INTO productos_categorias (producto_id, categoria_id) VALUES (62, 5);
INSERT INTO productos_proveedores (producto_id, proveedor_id) VALUES (62, 12);
INSERT INTO productos (id, nombre, descripcion, precio, stock, sku, estado) VALUES (63, 'Total', 'Speak difference break because become scientist.', 65.94, 56, 'SKU0063', 'eliminado');
INSERT INTO productos_categorias (producto_id, categoria_id) VALUES (63, 9);
INSERT INTO productos_proveedores (producto_id, proveedor_id) VALUES (63, 11);
INSERT INTO productos (id, nombre, descripcion, precio, stock, sku, estado) VALUES (64, 'Write', 'Seat break happy table west.', 94.23, 19, 'SKU0064', 'inactivo');
INSERT INTO productos_categorias (producto_id, categoria_id) VALUES (64, 3);
INSERT INTO productos_proveedores (producto_id, proveedor_id) VALUES (64, 19);
INSERT INTO productos (id, nombre, descripcion, precio, stock, sku, estado) VALUES (65, 'Part', 'Financial operation couple.', 96.44, 38, 'SKU0065', 'activo');
INSERT INTO productos_categorias (producto_id, categoria_id) VALUES (65, 2);
INSERT INTO productos_proveedores (producto_id, proveedor_id) VALUES (65, 20);
INSERT INTO productos (id, nombre, descripcion, precio, stock, sku, estado) VALUES (66, 'Important', 'Floor half quickly someone mind own.', 46.28, 98, 'SKU0066', 'inactivo');
INSERT INTO productos_categorias (producto_id, categoria_id) VALUES (66, 7);
INSERT INTO productos_proveedores (producto_id, proveedor_id) VALUES (66, 20);
INSERT INTO productos (id, nombre, descripcion, precio, stock, sku, estado) VALUES (67, 'Doctor', 'House Mrs leave certain.', 98.5, 19, 'SKU0067', 'inactivo');
INSERT INTO productos_categorias (producto_id, categoria_id) VALUES (67, 10);
INSERT INTO productos_proveedores (producto_id, proveedor_id) VALUES (67, 7);
INSERT INTO productos (id, nombre, descripcion, precio, stock, sku, estado) VALUES (68, 'Yes', 'Student matter lay own certainly.', 29.2, 95, 'SKU0068', 'inactivo');
INSERT INTO productos_categorias (producto_id, categoria_id) VALUES (68, 1);
INSERT INTO productos_proveedores (producto_id, proveedor_id) VALUES (68, 17);
INSERT INTO productos (id, nombre, descripcion, precio, stock, sku, estado) VALUES (69, 'Reduce', 'Out final wrong.', 92.93, 73, 'SKU0069', 'eliminado');
INSERT INTO productos_categorias (producto_id, categoria_id) VALUES (69, 4);
INSERT INTO productos_proveedores (producto_id, proveedor_id) VALUES (69, 12);
INSERT INTO productos (id, nombre, descripcion, precio, stock, sku, estado) VALUES (70, 'Candidate', 'You religious long stock manager.', 45.97, 90, 'SKU0070', 'inactivo');
INSERT INTO productos_categorias (producto_id, categoria_id) VALUES (70, 10);
INSERT INTO productos_proveedores (producto_id, proveedor_id) VALUES (70, 11);
INSERT INTO productos (id, nombre, descripcion, precio, stock, sku, estado) VALUES (71, 'Sea', 'Arrive special check respond summer various.', 68.02, 20, 'SKU0071', 'eliminado');
INSERT INTO productos_categorias (producto_id, categoria_id) VALUES (71, 5);
INSERT INTO productos_proveedores (producto_id, proveedor_id) VALUES (71, 17);
INSERT INTO productos (id, nombre, descripcion, precio, stock, sku, estado) VALUES (72, 'Down', 'Type simply task.', 34.38, 57, 'SKU0072', 'inactivo');
INSERT INTO productos_categorias (producto_id, categoria_id) VALUES (72, 7);
INSERT INTO productos_proveedores (producto_id, proveedor_id) VALUES (72, 10);
INSERT INTO productos (id, nombre, descripcion, precio, stock, sku, estado) VALUES (73, 'Short', 'Federal spring treatment city again hot.', 57.67, 29, 'SKU0073', 'inactivo');
INSERT INTO productos_categorias (producto_id, categoria_id) VALUES (73, 7);
INSERT INTO productos_proveedores (producto_id, proveedor_id) VALUES (73, 6);
INSERT INTO productos (id, nombre, descripcion, precio, stock, sku, estado) VALUES (74, 'Knowledge', 'Wrong serious hospital month executive recent crime.', 63.47, 43, 'SKU0074', 'inactivo');
INSERT INTO productos_categorias (producto_id, categoria_id) VALUES (74, 9);
INSERT INTO productos_proveedores (producto_id, proveedor_id) VALUES (74, 1);
INSERT INTO productos (id, nombre, descripcion, precio, stock, sku, estado) VALUES (75, 'Total', 'Hour capital sell oil source sure report.', 33.87, 31, 'SKU0075', 'inactivo');
INSERT INTO productos_categorias (producto_id, categoria_id) VALUES (75, 10);
INSERT INTO productos_proveedores (producto_id, proveedor_id) VALUES (75, 20);
INSERT INTO productos (id, nombre, descripcion, precio, stock, sku, estado) VALUES (76, 'Lot', 'Officer kind lot today.', 67.2, 64, 'SKU0076', 'inactivo');
INSERT INTO productos_categorias (producto_id, categoria_id) VALUES (76, 8);
INSERT INTO productos_proveedores (producto_id, proveedor_id) VALUES (76, 7);
INSERT INTO productos (id, nombre, descripcion, precio, stock, sku, estado) VALUES (77, 'Determine', 'Source crime prepare gun task.', 53.56, 99, 'SKU0077', 'activo');
INSERT INTO productos_categorias (producto_id, categoria_id) VALUES (77, 2);
INSERT INTO productos_proveedores (producto_id, proveedor_id) VALUES (77, 10);
INSERT INTO productos (id, nombre, descripcion, precio, stock, sku, estado) VALUES (78, 'Blue', 'Heavy work quickly collection.', 53.97, 86, 'SKU0078', 'eliminado');
INSERT INTO productos_categorias (producto_id, categoria_id) VALUES (78, 6);
INSERT INTO productos_proveedores (producto_id, proveedor_id) VALUES (78, 3);
INSERT INTO productos (id, nombre, descripcion, precio, stock, sku, estado) VALUES (79, 'Arrive', 'Green listen war bring.', 82.75, 35, 'SKU0079', 'eliminado');
INSERT INTO productos_categorias (producto_id, categoria_id) VALUES (79, 5);
INSERT INTO productos_proveedores (producto_id, proveedor_id) VALUES (79, 8);
INSERT INTO productos (id, nombre, descripcion, precio, stock, sku, estado) VALUES (80, 'Myself', 'Order wide phone identify alone drive.', 81.62, 23, 'SKU0080', 'activo');
INSERT INTO productos_categorias (producto_id, categoria_id) VALUES (80, 1);
INSERT INTO productos_proveedores (producto_id, proveedor_id) VALUES (80, 8);
INSERT INTO productos (id, nombre, descripcion, precio, stock, sku, estado) VALUES (81, 'Middle', 'Read west present heart reality.', 98.47, 83, 'SKU0081', 'activo');
INSERT INTO productos_categorias (producto_id, categoria_id) VALUES (81, 8);
INSERT INTO productos_proveedores (producto_id, proveedor_id) VALUES (81, 14);
INSERT INTO productos (id, nombre, descripcion, precio, stock, sku, estado) VALUES (82, 'Stuff', 'Sing ten practice every.', 89.18, 78, 'SKU0082', 'activo');
INSERT INTO productos_categorias (producto_id, categoria_id) VALUES (82, 7);
INSERT INTO productos_proveedores (producto_id, proveedor_id) VALUES (82, 16);
INSERT INTO productos (id, nombre, descripcion, precio, stock, sku, estado) VALUES (83, 'Read', 'Happen build bar majority protect meeting.', 42.97, 23, 'SKU0083', 'eliminado');
INSERT INTO productos_categorias (producto_id, categoria_id) VALUES (83, 1);
INSERT INTO productos_proveedores (producto_id, proveedor_id) VALUES (83, 4);
INSERT INTO productos (id, nombre, descripcion, precio, stock, sku, estado) VALUES (84, 'Agency', 'Of of event seat some Congress machine popular.', 78.95, 33, 'SKU0084', 'activo');
INSERT INTO productos_categorias (producto_id, categoria_id) VALUES (84, 9);
INSERT INTO productos_proveedores (producto_id, proveedor_id) VALUES (84, 15);
INSERT INTO productos (id, nombre, descripcion, precio, stock, sku, estado) VALUES (85, 'Leader', 'Number between as training somebody.', 9.77, 36, 'SKU0085', 'activo');
INSERT INTO productos_categorias (producto_id, categoria_id) VALUES (85, 8);
INSERT INTO productos_proveedores (producto_id, proveedor_id) VALUES (85, 5);
INSERT INTO productos (id, nombre, descripcion, precio, stock, sku, estado) VALUES (86, 'Crime', 'Spend after new movie speech major.', 81.13, 90, 'SKU0086', 'eliminado');
INSERT INTO productos_categorias (producto_id, categoria_id) VALUES (86, 9);
INSERT INTO productos_proveedores (producto_id, proveedor_id) VALUES (86, 20);
INSERT INTO productos (id, nombre, descripcion, precio, stock, sku, estado) VALUES (87, 'Natural', 'Much standard prepare send debate probably bring television.', 35.14, 61, 'SKU0087', 'eliminado');
INSERT INTO productos_categorias (producto_id, categoria_id) VALUES (87, 9);
INSERT INTO productos_proveedores (producto_id, proveedor_id) VALUES (87, 14);
INSERT INTO productos (id, nombre, descripcion, precio, stock, sku, estado) VALUES (88, 'Run', 'Accept language fire always.', 83.9, 75, 'SKU0088', 'inactivo');
INSERT INTO productos_categorias (producto_id, categoria_id) VALUES (88, 3);
INSERT INTO productos_proveedores (producto_id, proveedor_id) VALUES (88, 16);
INSERT INTO productos (id, nombre, descripcion, precio, stock, sku, estado) VALUES (89, 'Paper', 'Present because either send be.', 47.76, 36, 'SKU0089', 'eliminado');
INSERT INTO productos_categorias (producto_id, categoria_id) VALUES (89, 5);
INSERT INTO productos_proveedores (producto_id, proveedor_id) VALUES (89, 17);
INSERT INTO productos (id, nombre, descripcion, precio, stock, sku, estado) VALUES (90, 'Capital', 'Fear whom commercial with probably eat animal.', 51.04, 35, 'SKU0090', 'inactivo');
INSERT INTO productos_categorias (producto_id, categoria_id) VALUES (90, 8);
INSERT INTO productos_proveedores (producto_id, proveedor_id) VALUES (90, 3);
INSERT INTO productos (id, nombre, descripcion, precio, stock, sku, estado) VALUES (91, 'Young', 'Toward fall move cause make fine treat.', 72.79, 35, 'SKU0091', 'inactivo');
INSERT INTO productos_categorias (producto_id, categoria_id) VALUES (91, 6);
INSERT INTO productos_proveedores (producto_id, proveedor_id) VALUES (91, 11);
INSERT INTO productos (id, nombre, descripcion, precio, stock, sku, estado) VALUES (92, 'He', 'Mrs decide between standard down could feel strategy.', 89.84, 15, 'SKU0092', 'activo');
INSERT INTO productos_categorias (producto_id, categoria_id) VALUES (92, 3);
INSERT INTO productos_proveedores (producto_id, proveedor_id) VALUES (92, 8);
INSERT INTO productos (id, nombre, descripcion, precio, stock, sku, estado) VALUES (93, 'Center', 'Need option everyone rock instead near end power.', 41.39, 24, 'SKU0093', 'eliminado');
INSERT INTO productos_categorias (producto_id, categoria_id) VALUES (93, 4);
INSERT INTO productos_proveedores (producto_id, proveedor_id) VALUES (93, 3);
INSERT INTO productos (id, nombre, descripcion, precio, stock, sku, estado) VALUES (94, 'Common', 'Lay war put vote century data.', 44.41, 47, 'SKU0094', 'eliminado');
INSERT INTO productos_categorias (producto_id, categoria_id) VALUES (94, 8);
INSERT INTO productos_proveedores (producto_id, proveedor_id) VALUES (94, 14);
INSERT INTO productos (id, nombre, descripcion, precio, stock, sku, estado) VALUES (95, 'Professional', 'Yet recent cover head price.', 10.92, 58, 'SKU0095', 'inactivo');
INSERT INTO productos_categorias (producto_id, categoria_id) VALUES (95, 10);
INSERT INTO productos_proveedores (producto_id, proveedor_id) VALUES (95, 1);
INSERT INTO productos (id, nombre, descripcion, precio, stock, sku, estado) VALUES (96, 'Tend', 'Painting information child yeah its ago page.', 86.39, 78, 'SKU0096', 'inactivo');
INSERT INTO productos_categorias (producto_id, categoria_id) VALUES (96, 8);
INSERT INTO productos_proveedores (producto_id, proveedor_id) VALUES (96, 1);
INSERT INTO productos (id, nombre, descripcion, precio, stock, sku, estado) VALUES (97, 'Bank', 'By body nature at policy.', 94.56, 43, 'SKU0097', 'inactivo');
INSERT INTO productos_categorias (producto_id, categoria_id) VALUES (97, 7);
INSERT INTO productos_proveedores (producto_id, proveedor_id) VALUES (97, 18);
INSERT INTO productos (id, nombre, descripcion, precio, stock, sku, estado) VALUES (98, 'Him', 'Sing chair something event better woman.', 76.01, 74, 'SKU0098', 'eliminado');
INSERT INTO productos_categorias (producto_id, categoria_id) VALUES (98, 4);
INSERT INTO productos_proveedores (producto_id, proveedor_id) VALUES (98, 16);
INSERT INTO productos (id, nombre, descripcion, precio, stock, sku, estado) VALUES (99, 'Doctor', 'Weight situation but money then open.', 25.85, 60, 'SKU0099', 'inactivo');
INSERT INTO productos_categorias (producto_id, categoria_id) VALUES (99, 1);
INSERT INTO productos_proveedores (producto_id, proveedor_id) VALUES (99, 13);
INSERT INTO productos (id, nombre, descripcion, precio, stock, sku, estado) VALUES (100, 'Surface', 'Believe give occur example even between answer.', 36.93, 91, 'SKU0100', 'inactivo');
INSERT INTO productos_categorias (producto_id, categoria_id) VALUES (100, 3);
INSERT INTO productos_proveedores (producto_id, proveedor_id) VALUES (100, 15);
INSERT INTO productos (id, nombre, descripcion, precio, stock, sku, estado) VALUES (101, 'Friend', 'Congress south question small necessary think.', 92.36, 84, 'SKU0101', 'eliminado');
INSERT INTO productos_categorias (producto_id, categoria_id) VALUES (101, 1);
INSERT INTO productos_proveedores (producto_id, proveedor_id) VALUES (101, 13);
INSERT INTO productos (id, nombre, descripcion, precio, stock, sku, estado) VALUES (102, 'Interesting', 'Or else rather require price central nothing.', 61.23, 89, 'SKU0102', 'activo');
INSERT INTO productos_categorias (producto_id, categoria_id) VALUES (102, 2);
INSERT INTO productos_proveedores (producto_id, proveedor_id) VALUES (102, 14);
INSERT INTO productos (id, nombre, descripcion, precio, stock, sku, estado) VALUES (103, 'Example', 'Truth police have.', 17.89, 64, 'SKU0103', 'activo');
INSERT INTO productos_categorias (producto_id, categoria_id) VALUES (103, 1);
INSERT INTO productos_proveedores (producto_id, proveedor_id) VALUES (103, 9);
INSERT INTO productos (id, nombre, descripcion, precio, stock, sku, estado) VALUES (104, 'Star', 'Question industry leader keep government.', 41.01, 32, 'SKU0104', 'inactivo');
INSERT INTO productos_categorias (producto_id, categoria_id) VALUES (104, 6);
INSERT INTO productos_proveedores (producto_id, proveedor_id) VALUES (104, 11);
INSERT INTO productos (id, nombre, descripcion, precio, stock, sku, estado) VALUES (105, 'Management', 'Expert weight minute responsibility under director player.', 77.32, 53, 'SKU0105', 'inactivo');
INSERT INTO productos_categorias (producto_id, categoria_id) VALUES (105, 7);
INSERT INTO productos_proveedores (producto_id, proveedor_id) VALUES (105, 9);
INSERT INTO productos (id, nombre, descripcion, precio, stock, sku, estado) VALUES (106, 'Begin', 'Image fine bed bag role.', 84.32, 65, 'SKU0106', 'activo');
INSERT INTO productos_categorias (producto_id, categoria_id) VALUES (106, 9);
INSERT INTO productos_proveedores (producto_id, proveedor_id) VALUES (106, 2);
INSERT INTO productos (id, nombre, descripcion, precio, stock, sku, estado) VALUES (107, 'You', 'Close arm sea never.', 99.99, 49, 'SKU0107', 'activo');
INSERT INTO productos_categorias (producto_id, categoria_id) VALUES (107, 2);
INSERT INTO productos_proveedores (producto_id, proveedor_id) VALUES (107, 2);
INSERT INTO productos (id, nombre, descripcion, precio, stock, sku, estado) VALUES (108, 'Mind', 'While interest meet.', 76.65, 36, 'SKU0108', 'activo');
INSERT INTO productos_categorias (producto_id, categoria_id) VALUES (108, 1);
INSERT INTO productos_proveedores (producto_id, proveedor_id) VALUES (108, 20);
INSERT INTO productos (id, nombre, descripcion, precio, stock, sku, estado) VALUES (109, 'Side', 'Look middle your thousand.', 19.48, 21, 'SKU0109', 'inactivo');
INSERT INTO productos_categorias (producto_id, categoria_id) VALUES (109, 2);
INSERT INTO productos_proveedores (producto_id, proveedor_id) VALUES (109, 19);
INSERT INTO productos (id, nombre, descripcion, precio, stock, sku, estado) VALUES (110, 'Save', 'If pattern treat second.', 95.04, 64, 'SKU0110', 'eliminado');
INSERT INTO productos_categorias (producto_id, categoria_id) VALUES (110, 5);
INSERT INTO productos_proveedores (producto_id, proveedor_id) VALUES (110, 12);
INSERT INTO productos (id, nombre, descripcion, precio, stock, sku, estado) VALUES (111, 'Send', 'Reflect see each school week statement.', 20.94, 82, 'SKU0111', 'eliminado');
INSERT INTO productos_categorias (producto_id, categoria_id) VALUES (111, 2);
INSERT INTO productos_proveedores (producto_id, proveedor_id) VALUES (111, 6);
INSERT INTO productos (id, nombre, descripcion, precio, stock, sku, estado) VALUES (112, 'Up', 'Range amount large collection us shake tough.', 96.65, 18, 'SKU0112', 'eliminado');
INSERT INTO productos_categorias (producto_id, categoria_id) VALUES (112, 1);
INSERT INTO productos_proveedores (producto_id, proveedor_id) VALUES (112, 10);
INSERT INTO productos (id, nombre, descripcion, precio, stock, sku, estado) VALUES (113, 'Continue', 'Happen card government anything.', 59.7, 53, 'SKU0113', 'inactivo');
INSERT INTO productos_categorias (producto_id, categoria_id) VALUES (113, 4);
INSERT INTO productos_proveedores (producto_id, proveedor_id) VALUES (113, 3);
INSERT INTO productos (id, nombre, descripcion, precio, stock, sku, estado) VALUES (114, 'Mission', 'Color wide full quickly story surface.', 61.25, 85, 'SKU0114', 'activo');
INSERT INTO productos_categorias (producto_id, categoria_id) VALUES (114, 2);
INSERT INTO productos_proveedores (producto_id, proveedor_id) VALUES (114, 10);
INSERT INTO productos (id, nombre, descripcion, precio, stock, sku, estado) VALUES (115, 'Toward', 'Face low enter able.', 85.78, 81, 'SKU0115', 'activo');
INSERT INTO productos_categorias (producto_id, categoria_id) VALUES (115, 10);
INSERT INTO productos_proveedores (producto_id, proveedor_id) VALUES (115, 2);
INSERT INTO productos (id, nombre, descripcion, precio, stock, sku, estado) VALUES (116, 'Program', 'Hour type upon where middle throw very.', 37.98, 59, 'SKU0116', 'eliminado');
INSERT INTO productos_categorias (producto_id, categoria_id) VALUES (116, 6);
INSERT INTO productos_proveedores (producto_id, proveedor_id) VALUES (116, 3);
INSERT INTO productos (id, nombre, descripcion, precio, stock, sku, estado) VALUES (117, 'Wait', 'Summer arm accept leave fear blue glass reveal.', 53.07, 48, 'SKU0117', 'activo');
INSERT INTO productos_categorias (producto_id, categoria_id) VALUES (117, 7);
INSERT INTO productos_proveedores (producto_id, proveedor_id) VALUES (117, 16);
INSERT INTO productos (id, nombre, descripcion, precio, stock, sku, estado) VALUES (118, 'Interest', 'Across issue culture more together improve.', 15.03, 51, 'SKU0118', 'eliminado');
INSERT INTO productos_categorias (producto_id, categoria_id) VALUES (118, 8);
INSERT INTO productos_proveedores (producto_id, proveedor_id) VALUES (118, 5);
INSERT INTO productos (id, nombre, descripcion, precio, stock, sku, estado) VALUES (119, 'White', 'According show economic likely hear hair throughout.', 46.37, 98, 'SKU0119', 'eliminado');
INSERT INTO productos_categorias (producto_id, categoria_id) VALUES (119, 5);
INSERT INTO productos_proveedores (producto_id, proveedor_id) VALUES (119, 20);
INSERT INTO productos (id, nombre, descripcion, precio, stock, sku, estado) VALUES (120, 'Not', 'Board just style class government.', 81.78, 73, 'SKU0120', 'inactivo');
INSERT INTO productos_categorias (producto_id, categoria_id) VALUES (120, 8);
INSERT INTO productos_proveedores (producto_id, proveedor_id) VALUES (120, 14);
INSERT INTO productos (id, nombre, descripcion, precio, stock, sku, estado) VALUES (121, 'Leader', 'Grow that cup.', 83.44, 80, 'SKU0121', 'inactivo');
INSERT INTO productos_categorias (producto_id, categoria_id) VALUES (121, 6);
INSERT INTO productos_proveedores (producto_id, proveedor_id) VALUES (121, 8);
INSERT INTO productos (id, nombre, descripcion, precio, stock, sku, estado) VALUES (122, 'Customer', 'American house season too civil.', 83.92, 16, 'SKU0122', 'inactivo');
INSERT INTO productos_categorias (producto_id, categoria_id) VALUES (122, 8);
INSERT INTO productos_proveedores (producto_id, proveedor_id) VALUES (122, 8);
INSERT INTO productos (id, nombre, descripcion, precio, stock, sku, estado) VALUES (123, 'Decide', 'Where work budget major many race camera.', 76.3, 77, 'SKU0123', 'eliminado');
INSERT INTO productos_categorias (producto_id, categoria_id) VALUES (123, 7);
INSERT INTO productos_proveedores (producto_id, proveedor_id) VALUES (123, 11);
INSERT INTO productos (id, nombre, descripcion, precio, stock, sku, estado) VALUES (124, 'Society', 'Maybe type successful home body blue.', 7.73, 46, 'SKU0124', 'activo');
INSERT INTO productos_categorias (producto_id, categoria_id) VALUES (124, 8);
INSERT INTO productos_proveedores (producto_id, proveedor_id) VALUES (124, 7);
INSERT INTO productos (id, nombre, descripcion, precio, stock, sku, estado) VALUES (125, 'Against', 'Choose matter should door.', 38.71, 38, 'SKU0125', 'inactivo');
INSERT INTO productos_categorias (producto_id, categoria_id) VALUES (125, 5);
INSERT INTO productos_proveedores (producto_id, proveedor_id) VALUES (125, 20);
INSERT INTO productos (id, nombre, descripcion, precio, stock, sku, estado) VALUES (126, 'Resource', 'Involve others account lose executive bar.', 71.61, 40, 'SKU0126', 'eliminado');
INSERT INTO productos_categorias (producto_id, categoria_id) VALUES (126, 1);
INSERT INTO productos_proveedores (producto_id, proveedor_id) VALUES (126, 17);
INSERT INTO productos (id, nombre, descripcion, precio, stock, sku, estado) VALUES (127, 'Laugh', 'Pay role cost exactly boy.', 95.07, 15, 'SKU0127', 'activo');
INSERT INTO productos_categorias (producto_id, categoria_id) VALUES (127, 7);
INSERT INTO productos_proveedores (producto_id, proveedor_id) VALUES (127, 16);
INSERT INTO productos (id, nombre, descripcion, precio, stock, sku, estado) VALUES (128, 'Everyone', 'Project investment listen situation billion.', 57.74, 35, 'SKU0128', 'eliminado');
INSERT INTO productos_categorias (producto_id, categoria_id) VALUES (128, 8);
INSERT INTO productos_proveedores (producto_id, proveedor_id) VALUES (128, 16);
INSERT INTO productos (id, nombre, descripcion, precio, stock, sku, estado) VALUES (129, 'Show', 'Particularly country talk pick chance build husband.', 47.58, 7, 'SKU0129', 'activo');
INSERT INTO productos_categorias (producto_id, categoria_id) VALUES (129, 5);
INSERT INTO productos_proveedores (producto_id, proveedor_id) VALUES (129, 8);
INSERT INTO productos (id, nombre, descripcion, precio, stock, sku, estado) VALUES (130, 'Eye', 'Upon international pattern before anything.', 43.42, 36, 'SKU0130', 'inactivo');
INSERT INTO productos_categorias (producto_id, categoria_id) VALUES (130, 10);
INSERT INTO productos_proveedores (producto_id, proveedor_id) VALUES (130, 12);
INSERT INTO productos (id, nombre, descripcion, precio, stock, sku, estado) VALUES (131, 'Involve', 'Fill plan discuss from look member popular.', 49.96, 72, 'SKU0131', 'inactivo');
INSERT INTO productos_categorias (producto_id, categoria_id) VALUES (131, 7);
INSERT INTO productos_proveedores (producto_id, proveedor_id) VALUES (131, 18);
INSERT INTO productos (id, nombre, descripcion, precio, stock, sku, estado) VALUES (132, 'Fly', 'Especially exactly go individual.', 36.43, 94, 'SKU0132', 'inactivo');
INSERT INTO productos_categorias (producto_id, categoria_id) VALUES (132, 5);
INSERT INTO productos_proveedores (producto_id, proveedor_id) VALUES (132, 10);
INSERT INTO productos (id, nombre, descripcion, precio, stock, sku, estado) VALUES (133, 'Front', 'Consider a produce.', 28.88, 20, 'SKU0133', 'eliminado');
INSERT INTO productos_categorias (producto_id, categoria_id) VALUES (133, 4);
INSERT INTO productos_proveedores (producto_id, proveedor_id) VALUES (133, 11);
INSERT INTO productos (id, nombre, descripcion, precio, stock, sku, estado) VALUES (134, 'Fund', 'Experience exactly paper issue edge.', 16.36, 73, 'SKU0134', 'eliminado');
INSERT INTO productos_categorias (producto_id, categoria_id) VALUES (134, 3);
INSERT INTO productos_proveedores (producto_id, proveedor_id) VALUES (134, 7);
INSERT INTO productos (id, nombre, descripcion, precio, stock, sku, estado) VALUES (135, 'Million', 'Free born protect raise side candidate.', 25.56, 66, 'SKU0135', 'inactivo');
INSERT INTO productos_categorias (producto_id, categoria_id) VALUES (135, 10);
INSERT INTO productos_proveedores (producto_id, proveedor_id) VALUES (135, 17);
INSERT INTO productos (id, nombre, descripcion, precio, stock, sku, estado) VALUES (136, 'Herself', 'Sea open painting draw every once.', 61.7, 17, 'SKU0136', 'activo');
INSERT INTO productos_categorias (producto_id, categoria_id) VALUES (136, 5);
INSERT INTO productos_proveedores (producto_id, proveedor_id) VALUES (136, 8);
INSERT INTO productos (id, nombre, descripcion, precio, stock, sku, estado) VALUES (137, 'Begin', 'Candidate sea build only.', 39.28, 43, 'SKU0137', 'activo');
INSERT INTO productos_categorias (producto_id, categoria_id) VALUES (137, 9);
INSERT INTO productos_proveedores (producto_id, proveedor_id) VALUES (137, 5);
INSERT INTO productos (id, nombre, descripcion, precio, stock, sku, estado) VALUES (138, 'While', 'Cover knowledge better walk people.', 31.06, 11, 'SKU0138', 'eliminado');
INSERT INTO productos_categorias (producto_id, categoria_id) VALUES (138, 5);
INSERT INTO productos_proveedores (producto_id, proveedor_id) VALUES (138, 5);
INSERT INTO productos (id, nombre, descripcion, precio, stock, sku, estado) VALUES (139, 'Fish', 'Writer dark result analysis court nearly education.', 65.6, 67, 'SKU0139', 'activo');
INSERT INTO productos_categorias (producto_id, categoria_id) VALUES (139, 1);
INSERT INTO productos_proveedores (producto_id, proveedor_id) VALUES (139, 19);
INSERT INTO productos (id, nombre, descripcion, precio, stock, sku, estado) VALUES (140, 'Understand', 'Window thus large response treat attack industry.', 32.01, 66, 'SKU0140', 'inactivo');
INSERT INTO productos_categorias (producto_id, categoria_id) VALUES (140, 6);
INSERT INTO productos_proveedores (producto_id, proveedor_id) VALUES (140, 6);
INSERT INTO productos (id, nombre, descripcion, precio, stock, sku, estado) VALUES (141, 'Word', 'So cold ever whose face what article.', 96.72, 37, 'SKU0141', 'inactivo');
INSERT INTO productos_categorias (producto_id, categoria_id) VALUES (141, 2);
INSERT INTO productos_proveedores (producto_id, proveedor_id) VALUES (141, 3);
INSERT INTO productos (id, nombre, descripcion, precio, stock, sku, estado) VALUES (142, 'Rule', 'Scientist however range that will.', 43.07, 14, 'SKU0142', 'eliminado');
INSERT INTO productos_categorias (producto_id, categoria_id) VALUES (142, 1);
INSERT INTO productos_proveedores (producto_id, proveedor_id) VALUES (142, 5);
INSERT INTO productos (id, nombre, descripcion, precio, stock, sku, estado) VALUES (143, 'Company', 'Seek his single husband even contain.', 19.17, 77, 'SKU0143', 'inactivo');
INSERT INTO productos_categorias (producto_id, categoria_id) VALUES (143, 2);
INSERT INTO productos_proveedores (producto_id, proveedor_id) VALUES (143, 8);
INSERT INTO productos (id, nombre, descripcion, precio, stock, sku, estado) VALUES (144, 'Collection', 'Design recent these so lay remain modern.', 16.25, 58, 'SKU0144', 'eliminado');
INSERT INTO productos_categorias (producto_id, categoria_id) VALUES (144, 10);
INSERT INTO productos_proveedores (producto_id, proveedor_id) VALUES (144, 20);
INSERT INTO productos (id, nombre, descripcion, precio, stock, sku, estado) VALUES (145, 'Floor', 'Fast environmental budget difference move.', 26.44, 71, 'SKU0145', 'inactivo');
INSERT INTO productos_categorias (producto_id, categoria_id) VALUES (145, 8);
INSERT INTO productos_proveedores (producto_id, proveedor_id) VALUES (145, 15);
INSERT INTO productos (id, nombre, descripcion, precio, stock, sku, estado) VALUES (146, 'Film', 'Policy walk everyone.', 33.25, 80, 'SKU0146', 'inactivo');
INSERT INTO productos_categorias (producto_id, categoria_id) VALUES (146, 5);
INSERT INTO productos_proveedores (producto_id, proveedor_id) VALUES (146, 19);
INSERT INTO productos (id, nombre, descripcion, precio, stock, sku, estado) VALUES (147, 'Cell', 'Them appear woman writer decide.', 64.0, 83, 'SKU0147', 'eliminado');
INSERT INTO productos_categorias (producto_id, categoria_id) VALUES (147, 2);
INSERT INTO productos_proveedores (producto_id, proveedor_id) VALUES (147, 7);
INSERT INTO productos (id, nombre, descripcion, precio, stock, sku, estado) VALUES (148, 'Business', 'Possible plan win.', 64.42, 38, 'SKU0148', 'eliminado');
INSERT INTO productos_categorias (producto_id, categoria_id) VALUES (148, 2);
INSERT INTO productos_proveedores (producto_id, proveedor_id) VALUES (148, 6);
INSERT INTO productos (id, nombre, descripcion, precio, stock, sku, estado) VALUES (149, 'Garden', 'Watch this enough card.', 27.79, 75, 'SKU0149', 'activo');
INSERT INTO productos_categorias (producto_id, categoria_id) VALUES (149, 3);
INSERT INTO productos_proveedores (producto_id, proveedor_id) VALUES (149, 1);
INSERT INTO productos (id, nombre, descripcion, precio, stock, sku, estado) VALUES (150, 'Water', 'Far world personal action green room evidence eight.', 43.81, 93, 'SKU0150', 'eliminado');
INSERT INTO productos_categorias (producto_id, categoria_id) VALUES (150, 8);
INSERT INTO productos_proveedores (producto_id, proveedor_id) VALUES (150, 10);
INSERT INTO imagenes_producto (producto_id, url) VALUES (9, 'https://example.com/img/9_1.jpg');
INSERT INTO imagenes_producto (producto_id, url) VALUES (60, 'https://example.com/img/60_2.jpg');
INSERT INTO imagenes_producto (producto_id, url) VALUES (74, 'https://example.com/img/74_3.jpg');
INSERT INTO imagenes_producto (producto_id, url) VALUES (73, 'https://example.com/img/73_4.jpg');
INSERT INTO imagenes_producto (producto_id, url) VALUES (117, 'https://example.com/img/117_5.jpg');
INSERT INTO imagenes_producto (producto_id, url) VALUES (19, 'https://example.com/img/19_6.jpg');
INSERT INTO imagenes_producto (producto_id, url) VALUES (60, 'https://example.com/img/60_7.jpg');
INSERT INTO imagenes_producto (producto_id, url) VALUES (68, 'https://example.com/img/68_8.jpg');
INSERT INTO imagenes_producto (producto_id, url) VALUES (51, 'https://example.com/img/51_9.jpg');
INSERT INTO imagenes_producto (producto_id, url) VALUES (109, 'https://example.com/img/109_10.jpg');
INSERT INTO imagenes_producto (producto_id, url) VALUES (30, 'https://example.com/img/30_11.jpg');
INSERT INTO imagenes_producto (producto_id, url) VALUES (140, 'https://example.com/img/140_12.jpg');
INSERT INTO imagenes_producto (producto_id, url) VALUES (58, 'https://example.com/img/58_13.jpg');
INSERT INTO imagenes_producto (producto_id, url) VALUES (39, 'https://example.com/img/39_14.jpg');
INSERT INTO imagenes_producto (producto_id, url) VALUES (69, 'https://example.com/img/69_15.jpg');
INSERT INTO imagenes_producto (producto_id, url) VALUES (37, 'https://example.com/img/37_16.jpg');
INSERT INTO imagenes_producto (producto_id, url) VALUES (19, 'https://example.com/img/19_17.jpg');
INSERT INTO imagenes_producto (producto_id, url) VALUES (16, 'https://example.com/img/16_18.jpg');
INSERT INTO imagenes_producto (producto_id, url) VALUES (43, 'https://example.com/img/43_19.jpg');
INSERT INTO imagenes_producto (producto_id, url) VALUES (79, 'https://example.com/img/79_20.jpg');
INSERT INTO imagenes_producto (producto_id, url) VALUES (146, 'https://example.com/img/146_21.jpg');
INSERT INTO imagenes_producto (producto_id, url) VALUES (74, 'https://example.com/img/74_22.jpg');
INSERT INTO imagenes_producto (producto_id, url) VALUES (113, 'https://example.com/img/113_23.jpg');
INSERT INTO imagenes_producto (producto_id, url) VALUES (32, 'https://example.com/img/32_24.jpg');
INSERT INTO imagenes_producto (producto_id, url) VALUES (120, 'https://example.com/img/120_25.jpg');
INSERT INTO imagenes_producto (producto_id, url) VALUES (78, 'https://example.com/img/78_26.jpg');
INSERT INTO imagenes_producto (producto_id, url) VALUES (104, 'https://example.com/img/104_27.jpg');
INSERT INTO imagenes_producto (producto_id, url) VALUES (70, 'https://example.com/img/70_28.jpg');
INSERT INTO imagenes_producto (producto_id, url) VALUES (129, 'https://example.com/img/129_29.jpg');
INSERT INTO imagenes_producto (producto_id, url) VALUES (139, 'https://example.com/img/139_30.jpg');
INSERT INTO imagenes_producto (producto_id, url) VALUES (127, 'https://example.com/img/127_31.jpg');
INSERT INTO imagenes_producto (producto_id, url) VALUES (113, 'https://example.com/img/113_32.jpg');
INSERT INTO imagenes_producto (producto_id, url) VALUES (21, 'https://example.com/img/21_33.jpg');
INSERT INTO imagenes_producto (producto_id, url) VALUES (11, 'https://example.com/img/11_34.jpg');
INSERT INTO imagenes_producto (producto_id, url) VALUES (111, 'https://example.com/img/111_35.jpg');
INSERT INTO imagenes_producto (producto_id, url) VALUES (83, 'https://example.com/img/83_36.jpg');
INSERT INTO imagenes_producto (producto_id, url) VALUES (65, 'https://example.com/img/65_37.jpg');
INSERT INTO imagenes_producto (producto_id, url) VALUES (7, 'https://example.com/img/7_38.jpg');
INSERT INTO imagenes_producto (producto_id, url) VALUES (24, 'https://example.com/img/24_39.jpg');
INSERT INTO imagenes_producto (producto_id, url) VALUES (59, 'https://example.com/img/59_40.jpg');
INSERT INTO imagenes_producto (producto_id, url) VALUES (148, 'https://example.com/img/148_41.jpg');
INSERT INTO imagenes_producto (producto_id, url) VALUES (6, 'https://example.com/img/6_42.jpg');
INSERT INTO imagenes_producto (producto_id, url) VALUES (69, 'https://example.com/img/69_43.jpg');
INSERT INTO imagenes_producto (producto_id, url) VALUES (148, 'https://example.com/img/148_44.jpg');
INSERT INTO imagenes_producto (producto_id, url) VALUES (11, 'https://example.com/img/11_45.jpg');
INSERT INTO imagenes_producto (producto_id, url) VALUES (45, 'https://example.com/img/45_46.jpg');
INSERT INTO imagenes_producto (producto_id, url) VALUES (121, 'https://example.com/img/121_47.jpg');
INSERT INTO imagenes_producto (producto_id, url) VALUES (133, 'https://example.com/img/133_48.jpg');
INSERT INTO imagenes_producto (producto_id, url) VALUES (114, 'https://example.com/img/114_49.jpg');
INSERT INTO imagenes_producto (producto_id, url) VALUES (72, 'https://example.com/img/72_50.jpg');
INSERT INTO carritos (id, usuario_id, fecha_creacion) VALUES (1, 1, '2024-06-12');
INSERT INTO carritos (id, usuario_id, fecha_creacion) VALUES (2, 2, '2024-12-31');
INSERT INTO carritos (id, usuario_id, fecha_creacion) VALUES (3, 3, '2025-02-16');
INSERT INTO carritos (id, usuario_id, fecha_creacion) VALUES (4, 4, '2025-05-09');
INSERT INTO carritos (id, usuario_id, fecha_creacion) VALUES (5, 5, '2025-04-04');
INSERT INTO carritos (id, usuario_id, fecha_creacion) VALUES (6, 6, '2025-06-05');
INSERT INTO carritos (id, usuario_id, fecha_creacion) VALUES (7, 7, '2025-04-05');
INSERT INTO carritos (id, usuario_id, fecha_creacion) VALUES (8, 8, '2025-01-18');
INSERT INTO carritos (id, usuario_id, fecha_creacion) VALUES (9, 9, '2024-07-17');
INSERT INTO carritos (id, usuario_id, fecha_creacion) VALUES (10, 10, '2025-03-13');
INSERT INTO carritos (id, usuario_id, fecha_creacion) VALUES (11, 11, '2025-03-22');
INSERT INTO carritos (id, usuario_id, fecha_creacion) VALUES (12, 12, '2025-02-28');
INSERT INTO carritos (id, usuario_id, fecha_creacion) VALUES (13, 13, '2024-11-01');
INSERT INTO carritos (id, usuario_id, fecha_creacion) VALUES (14, 14, '2025-02-14');
INSERT INTO carritos (id, usuario_id, fecha_creacion) VALUES (15, 15, '2024-09-13');
INSERT INTO carritos (id, usuario_id, fecha_creacion) VALUES (16, 16, '2025-05-09');
INSERT INTO carritos (id, usuario_id, fecha_creacion) VALUES (17, 17, '2025-02-04');
INSERT INTO carritos (id, usuario_id, fecha_creacion) VALUES (18, 18, '2025-02-07');
INSERT INTO carritos (id, usuario_id, fecha_creacion) VALUES (19, 19, '2025-01-26');
INSERT INTO carritos (id, usuario_id, fecha_creacion) VALUES (20, 20, '2025-01-05');
INSERT INTO carritos (id, usuario_id, fecha_creacion) VALUES (21, 21, '2024-08-25');
INSERT INTO carritos (id, usuario_id, fecha_creacion) VALUES (22, 22, '2025-04-19');
INSERT INTO carritos (id, usuario_id, fecha_creacion) VALUES (23, 23, '2024-11-24');
INSERT INTO carritos (id, usuario_id, fecha_creacion) VALUES (24, 24, '2024-08-30');
INSERT INTO carritos (id, usuario_id, fecha_creacion) VALUES (25, 25, '2024-10-09');
INSERT INTO carritos (id, usuario_id, fecha_creacion) VALUES (26, 26, '2024-09-18');
INSERT INTO carritos (id, usuario_id, fecha_creacion) VALUES (27, 27, '2024-08-24');
INSERT INTO carritos (id, usuario_id, fecha_creacion) VALUES (28, 28, '2025-01-17');
INSERT INTO carritos (id, usuario_id, fecha_creacion) VALUES (29, 29, '2025-02-05');
INSERT INTO carritos (id, usuario_id, fecha_creacion) VALUES (30, 30, '2025-04-15');
INSERT INTO carritos (id, usuario_id, fecha_creacion) VALUES (31, 31, '2025-05-05');
INSERT INTO carritos (id, usuario_id, fecha_creacion) VALUES (32, 32, '2025-03-25');
INSERT INTO carritos (id, usuario_id, fecha_creacion) VALUES (33, 33, '2024-11-06');
INSERT INTO carritos (id, usuario_id, fecha_creacion) VALUES (34, 34, '2024-08-05');
INSERT INTO carritos (id, usuario_id, fecha_creacion) VALUES (35, 35, '2024-11-26');
INSERT INTO carritos (id, usuario_id, fecha_creacion) VALUES (36, 36, '2024-09-03');
INSERT INTO carritos (id, usuario_id, fecha_creacion) VALUES (37, 37, '2025-03-16');
INSERT INTO carritos (id, usuario_id, fecha_creacion) VALUES (38, 38, '2025-03-15');
INSERT INTO carritos (id, usuario_id, fecha_creacion) VALUES (39, 39, '2024-11-21');
INSERT INTO carritos (id, usuario_id, fecha_creacion) VALUES (40, 40, '2024-10-27');
INSERT INTO carritos (id, usuario_id, fecha_creacion) VALUES (41, 41, '2024-08-02');
INSERT INTO carritos (id, usuario_id, fecha_creacion) VALUES (42, 42, '2025-05-22');
INSERT INTO carritos (id, usuario_id, fecha_creacion) VALUES (43, 43, '2024-12-09');
INSERT INTO carritos (id, usuario_id, fecha_creacion) VALUES (44, 44, '2024-07-12');
INSERT INTO carritos (id, usuario_id, fecha_creacion) VALUES (45, 45, '2024-12-15');
INSERT INTO carritos (id, usuario_id, fecha_creacion) VALUES (46, 46, '2024-08-15');
INSERT INTO carritos (id, usuario_id, fecha_creacion) VALUES (47, 47, '2024-12-01');
INSERT INTO carritos (id, usuario_id, fecha_creacion) VALUES (48, 48, '2024-08-16');
INSERT INTO carritos (id, usuario_id, fecha_creacion) VALUES (49, 49, '2025-04-18');
INSERT INTO carritos (id, usuario_id, fecha_creacion) VALUES (50, 50, '2025-05-06');
INSERT INTO carritos (id, usuario_id, fecha_creacion) VALUES (51, 51, '2024-08-13');
INSERT INTO carritos (id, usuario_id, fecha_creacion) VALUES (52, 52, '2024-08-18');
INSERT INTO carritos (id, usuario_id, fecha_creacion) VALUES (53, 53, '2025-01-13');
INSERT INTO carritos (id, usuario_id, fecha_creacion) VALUES (54, 54, '2024-12-13');
INSERT INTO carritos (id, usuario_id, fecha_creacion) VALUES (55, 55, '2025-03-16');
INSERT INTO carritos (id, usuario_id, fecha_creacion) VALUES (56, 56, '2024-08-15');
INSERT INTO carritos (id, usuario_id, fecha_creacion) VALUES (57, 57, '2025-02-12');
INSERT INTO carritos (id, usuario_id, fecha_creacion) VALUES (58, 58, '2024-09-23');
INSERT INTO carritos (id, usuario_id, fecha_creacion) VALUES (59, 59, '2024-06-14');
INSERT INTO carritos (id, usuario_id, fecha_creacion) VALUES (60, 60, '2024-10-04');
INSERT INTO carritos (id, usuario_id, fecha_creacion) VALUES (61, 61, '2024-08-08');
INSERT INTO carritos (id, usuario_id, fecha_creacion) VALUES (62, 62, '2025-05-15');
INSERT INTO carritos (id, usuario_id, fecha_creacion) VALUES (63, 63, '2024-08-14');
INSERT INTO carritos (id, usuario_id, fecha_creacion) VALUES (64, 64, '2025-04-19');
INSERT INTO carritos (id, usuario_id, fecha_creacion) VALUES (65, 65, '2024-11-06');
INSERT INTO carritos (id, usuario_id, fecha_creacion) VALUES (66, 66, '2025-02-27');
INSERT INTO carritos (id, usuario_id, fecha_creacion) VALUES (67, 67, '2025-01-28');
INSERT INTO carritos (id, usuario_id, fecha_creacion) VALUES (68, 68, '2024-08-17');
INSERT INTO carritos (id, usuario_id, fecha_creacion) VALUES (69, 69, '2024-07-02');
INSERT INTO carritos (id, usuario_id, fecha_creacion) VALUES (70, 70, '2024-07-31');
INSERT INTO carritos (id, usuario_id, fecha_creacion) VALUES (71, 71, '2024-07-03');
INSERT INTO carritos (id, usuario_id, fecha_creacion) VALUES (72, 72, '2024-11-18');
INSERT INTO carritos (id, usuario_id, fecha_creacion) VALUES (73, 73, '2024-09-09');
INSERT INTO carritos (id, usuario_id, fecha_creacion) VALUES (74, 74, '2024-11-29');
INSERT INTO carritos (id, usuario_id, fecha_creacion) VALUES (75, 75, '2025-05-25');
INSERT INTO carritos (id, usuario_id, fecha_creacion) VALUES (76, 76, '2025-02-11');
INSERT INTO carritos (id, usuario_id, fecha_creacion) VALUES (77, 77, '2024-11-09');
INSERT INTO carritos (id, usuario_id, fecha_creacion) VALUES (78, 78, '2024-07-14');
INSERT INTO carritos (id, usuario_id, fecha_creacion) VALUES (79, 79, '2025-03-14');
INSERT INTO carritos (id, usuario_id, fecha_creacion) VALUES (80, 80, '2024-12-27');
INSERT INTO carritos (id, usuario_id, fecha_creacion) VALUES (81, 81, '2024-07-29');
INSERT INTO carritos (id, usuario_id, fecha_creacion) VALUES (82, 82, '2025-03-15');
INSERT INTO carritos (id, usuario_id, fecha_creacion) VALUES (83, 83, '2025-03-24');
INSERT INTO carritos (id, usuario_id, fecha_creacion) VALUES (84, 84, '2025-04-15');
INSERT INTO carritos (id, usuario_id, fecha_creacion) VALUES (85, 85, '2024-06-10');
INSERT INTO carritos (id, usuario_id, fecha_creacion) VALUES (86, 86, '2025-01-26');
INSERT INTO carritos (id, usuario_id, fecha_creacion) VALUES (87, 87, '2024-07-14');
INSERT INTO carritos (id, usuario_id, fecha_creacion) VALUES (88, 88, '2024-10-30');
INSERT INTO carritos (id, usuario_id, fecha_creacion) VALUES (89, 89, '2024-11-02');
INSERT INTO carritos (id, usuario_id, fecha_creacion) VALUES (90, 90, '2024-06-14');
INSERT INTO carritos (id, usuario_id, fecha_creacion) VALUES (91, 91, '2024-07-18');
INSERT INTO carritos (id, usuario_id, fecha_creacion) VALUES (92, 92, '2025-04-23');
INSERT INTO carritos (id, usuario_id, fecha_creacion) VALUES (93, 93, '2024-06-11');
INSERT INTO carritos (id, usuario_id, fecha_creacion) VALUES (94, 94, '2025-03-29');
INSERT INTO carritos (id, usuario_id, fecha_creacion) VALUES (95, 95, '2025-04-24');
INSERT INTO carritos (id, usuario_id, fecha_creacion) VALUES (96, 96, '2025-02-11');
INSERT INTO carritos (id, usuario_id, fecha_creacion) VALUES (97, 97, '2025-06-03');
INSERT INTO carritos (id, usuario_id, fecha_creacion) VALUES (98, 98, '2024-06-22');
INSERT INTO carritos (id, usuario_id, fecha_creacion) VALUES (99, 99, '2024-07-27');
INSERT INTO carritos (id, usuario_id, fecha_creacion) VALUES (100, 100, '2024-09-10');
INSERT INTO carritos (id, usuario_id, fecha_creacion) VALUES (101, 101, '2025-04-01');
INSERT INTO carritos (id, usuario_id, fecha_creacion) VALUES (102, 102, '2024-07-08');
INSERT INTO carritos (id, usuario_id, fecha_creacion) VALUES (103, 103, '2024-09-17');
INSERT INTO carritos (id, usuario_id, fecha_creacion) VALUES (104, 104, '2024-07-31');
INSERT INTO carritos (id, usuario_id, fecha_creacion) VALUES (105, 105, '2025-06-05');
INSERT INTO carritos (id, usuario_id, fecha_creacion) VALUES (106, 106, '2025-02-04');
INSERT INTO carritos (id, usuario_id, fecha_creacion) VALUES (107, 107, '2025-01-24');
INSERT INTO carritos (id, usuario_id, fecha_creacion) VALUES (108, 108, '2024-06-11');
INSERT INTO carritos (id, usuario_id, fecha_creacion) VALUES (109, 109, '2025-04-09');
INSERT INTO carritos (id, usuario_id, fecha_creacion) VALUES (110, 110, '2024-06-09');
INSERT INTO carritos (id, usuario_id, fecha_creacion) VALUES (111, 111, '2025-04-09');
INSERT INTO carritos (id, usuario_id, fecha_creacion) VALUES (112, 112, '2024-07-17');
INSERT INTO carritos (id, usuario_id, fecha_creacion) VALUES (113, 113, '2025-01-02');
INSERT INTO carritos (id, usuario_id, fecha_creacion) VALUES (114, 114, '2025-03-18');
INSERT INTO carritos (id, usuario_id, fecha_creacion) VALUES (115, 115, '2025-04-19');
INSERT INTO carritos (id, usuario_id, fecha_creacion) VALUES (116, 116, '2024-10-15');
INSERT INTO carritos (id, usuario_id, fecha_creacion) VALUES (117, 117, '2025-05-03');
INSERT INTO carritos (id, usuario_id, fecha_creacion) VALUES (118, 118, '2025-03-07');
INSERT INTO carritos (id, usuario_id, fecha_creacion) VALUES (119, 119, '2024-07-08');
INSERT INTO carritos (id, usuario_id, fecha_creacion) VALUES (120, 120, '2024-08-23');
INSERT INTO carritos (id, usuario_id, fecha_creacion) VALUES (121, 121, '2024-07-30');
INSERT INTO carritos (id, usuario_id, fecha_creacion) VALUES (122, 122, '2024-12-09');
INSERT INTO carritos (id, usuario_id, fecha_creacion) VALUES (123, 123, '2025-03-28');
INSERT INTO carritos (id, usuario_id, fecha_creacion) VALUES (124, 124, '2025-01-10');
INSERT INTO carritos (id, usuario_id, fecha_creacion) VALUES (125, 125, '2025-05-18');
INSERT INTO carritos (id, usuario_id, fecha_creacion) VALUES (126, 126, '2024-11-25');
INSERT INTO carritos (id, usuario_id, fecha_creacion) VALUES (127, 127, '2025-04-18');
INSERT INTO carritos (id, usuario_id, fecha_creacion) VALUES (128, 128, '2024-08-08');
INSERT INTO carritos (id, usuario_id, fecha_creacion) VALUES (129, 129, '2024-10-03');
INSERT INTO carritos (id, usuario_id, fecha_creacion) VALUES (130, 130, '2024-10-12');
INSERT INTO carritos (id, usuario_id, fecha_creacion) VALUES (131, 131, '2024-12-08');
INSERT INTO carritos (id, usuario_id, fecha_creacion) VALUES (132, 132, '2024-08-05');
INSERT INTO carritos (id, usuario_id, fecha_creacion) VALUES (133, 133, '2024-09-08');
INSERT INTO carritos (id, usuario_id, fecha_creacion) VALUES (134, 134, '2024-06-27');
INSERT INTO carritos (id, usuario_id, fecha_creacion) VALUES (135, 135, '2025-01-03');
INSERT INTO carritos (id, usuario_id, fecha_creacion) VALUES (136, 136, '2025-03-01');
INSERT INTO carritos (id, usuario_id, fecha_creacion) VALUES (137, 137, '2024-09-17');
INSERT INTO carritos (id, usuario_id, fecha_creacion) VALUES (138, 138, '2025-02-04');
INSERT INTO carritos (id, usuario_id, fecha_creacion) VALUES (139, 139, '2025-01-03');
INSERT INTO carritos (id, usuario_id, fecha_creacion) VALUES (140, 140, '2024-07-23');
INSERT INTO carritos (id, usuario_id, fecha_creacion) VALUES (141, 141, '2024-06-14');
INSERT INTO carritos (id, usuario_id, fecha_creacion) VALUES (142, 142, '2025-04-22');
INSERT INTO carritos (id, usuario_id, fecha_creacion) VALUES (143, 143, '2024-06-23');
INSERT INTO carritos (id, usuario_id, fecha_creacion) VALUES (144, 144, '2024-07-15');
INSERT INTO carritos (id, usuario_id, fecha_creacion) VALUES (145, 145, '2025-01-03');
INSERT INTO carritos (id, usuario_id, fecha_creacion) VALUES (146, 146, '2024-09-29');
INSERT INTO carritos (id, usuario_id, fecha_creacion) VALUES (147, 147, '2024-07-15');
INSERT INTO carritos (id, usuario_id, fecha_creacion) VALUES (148, 148, '2024-12-21');
INSERT INTO carritos (id, usuario_id, fecha_creacion) VALUES (149, 149, '2025-05-16');
INSERT INTO carritos (id, usuario_id, fecha_creacion) VALUES (150, 150, '2025-04-26');
INSERT INTO carrito_productos (carrito_id, producto_id, cantidad) VALUES (1, 47, 3);
INSERT INTO carrito_productos (carrito_id, producto_id, cantidad) VALUES (2, 112, 3);
INSERT INTO carrito_productos (carrito_id, producto_id, cantidad) VALUES (3, 126, 1);
INSERT INTO carrito_productos (carrito_id, producto_id, cantidad) VALUES (4, 121, 2);
INSERT INTO carrito_productos (carrito_id, producto_id, cantidad) VALUES (5, 105, 2);
INSERT INTO carrito_productos (carrito_id, producto_id, cantidad) VALUES (6, 83, 3);
INSERT INTO carrito_productos (carrito_id, producto_id, cantidad) VALUES (7, 27, 1);
INSERT INTO carrito_productos (carrito_id, producto_id, cantidad) VALUES (8, 85, 2);
INSERT INTO carrito_productos (carrito_id, producto_id, cantidad) VALUES (9, 127, 2);
INSERT INTO carrito_productos (carrito_id, producto_id, cantidad) VALUES (10, 103, 3);
INSERT INTO carrito_productos (carrito_id, producto_id, cantidad) VALUES (11, 10, 2);
INSERT INTO carrito_productos (carrito_id, producto_id, cantidad) VALUES (12, 23, 2);
INSERT INTO carrito_productos (carrito_id, producto_id, cantidad) VALUES (13, 65, 2);
INSERT INTO carrito_productos (carrito_id, producto_id, cantidad) VALUES (14, 30, 2);
INSERT INTO carrito_productos (carrito_id, producto_id, cantidad) VALUES (15, 132, 1);
INSERT INTO carrito_productos (carrito_id, producto_id, cantidad) VALUES (16, 139, 2);
INSERT INTO carrito_productos (carrito_id, producto_id, cantidad) VALUES (17, 106, 1);
INSERT INTO carrito_productos (carrito_id, producto_id, cantidad) VALUES (18, 49, 3);
INSERT INTO carrito_productos (carrito_id, producto_id, cantidad) VALUES (19, 93, 3);
INSERT INTO carrito_productos (carrito_id, producto_id, cantidad) VALUES (20, 128, 3);
INSERT INTO carrito_productos (carrito_id, producto_id, cantidad) VALUES (21, 114, 1);
INSERT INTO carrito_productos (carrito_id, producto_id, cantidad) VALUES (22, 53, 2);
INSERT INTO carrito_productos (carrito_id, producto_id, cantidad) VALUES (23, 141, 1);
INSERT INTO carrito_productos (carrito_id, producto_id, cantidad) VALUES (24, 74, 2);
INSERT INTO carrito_productos (carrito_id, producto_id, cantidad) VALUES (25, 125, 1);
INSERT INTO carrito_productos (carrito_id, producto_id, cantidad) VALUES (26, 8, 3);
INSERT INTO carrito_productos (carrito_id, producto_id, cantidad) VALUES (27, 62, 3);
INSERT INTO carrito_productos (carrito_id, producto_id, cantidad) VALUES (28, 41, 2);
INSERT INTO carrito_productos (carrito_id, producto_id, cantidad) VALUES (29, 142, 1);
INSERT INTO carrito_productos (carrito_id, producto_id, cantidad) VALUES (30, 142, 2);
INSERT INTO carrito_productos (carrito_id, producto_id, cantidad) VALUES (31, 24, 1);
INSERT INTO carrito_productos (carrito_id, producto_id, cantidad) VALUES (32, 30, 2);
INSERT INTO carrito_productos (carrito_id, producto_id, cantidad) VALUES (33, 31, 3);
INSERT INTO carrito_productos (carrito_id, producto_id, cantidad) VALUES (34, 40, 2);
INSERT INTO carrito_productos (carrito_id, producto_id, cantidad) VALUES (35, 75, 3);
INSERT INTO carrito_productos (carrito_id, producto_id, cantidad) VALUES (36, 70, 2);
INSERT INTO carrito_productos (carrito_id, producto_id, cantidad) VALUES (37, 124, 2);
INSERT INTO carrito_productos (carrito_id, producto_id, cantidad) VALUES (38, 63, 2);
INSERT INTO carrito_productos (carrito_id, producto_id, cantidad) VALUES (39, 142, 1);
INSERT INTO carrito_productos (carrito_id, producto_id, cantidad) VALUES (40, 99, 1);
INSERT INTO carrito_productos (carrito_id, producto_id, cantidad) VALUES (41, 131, 3);
INSERT INTO carrito_productos (carrito_id, producto_id, cantidad) VALUES (42, 35, 1);
INSERT INTO carrito_productos (carrito_id, producto_id, cantidad) VALUES (43, 71, 2);
INSERT INTO carrito_productos (carrito_id, producto_id, cantidad) VALUES (44, 88, 3);
INSERT INTO carrito_productos (carrito_id, producto_id, cantidad) VALUES (45, 69, 1);
INSERT INTO carrito_productos (carrito_id, producto_id, cantidad) VALUES (46, 73, 3);
INSERT INTO carrito_productos (carrito_id, producto_id, cantidad) VALUES (47, 77, 3);
INSERT INTO carrito_productos (carrito_id, producto_id, cantidad) VALUES (48, 149, 3);
INSERT INTO carrito_productos (carrito_id, producto_id, cantidad) VALUES (49, 126, 1);
INSERT INTO carrito_productos (carrito_id, producto_id, cantidad) VALUES (50, 115, 3);
INSERT INTO carrito_productos (carrito_id, producto_id, cantidad) VALUES (51, 124, 2);
INSERT INTO carrito_productos (carrito_id, producto_id, cantidad) VALUES (52, 86, 3);
INSERT INTO carrito_productos (carrito_id, producto_id, cantidad) VALUES (53, 140, 2);
INSERT INTO carrito_productos (carrito_id, producto_id, cantidad) VALUES (54, 117, 2);
INSERT INTO carrito_productos (carrito_id, producto_id, cantidad) VALUES (55, 49, 3);
INSERT INTO carrito_productos (carrito_id, producto_id, cantidad) VALUES (56, 62, 3);
INSERT INTO carrito_productos (carrito_id, producto_id, cantidad) VALUES (57, 99, 1);
INSERT INTO carrito_productos (carrito_id, producto_id, cantidad) VALUES (58, 106, 1);
INSERT INTO carrito_productos (carrito_id, producto_id, cantidad) VALUES (59, 82, 3);
INSERT INTO carrito_productos (carrito_id, producto_id, cantidad) VALUES (60, 122, 3);
INSERT INTO carrito_productos (carrito_id, producto_id, cantidad) VALUES (61, 98, 2);
INSERT INTO carrito_productos (carrito_id, producto_id, cantidad) VALUES (62, 39, 2);
INSERT INTO carrito_productos (carrito_id, producto_id, cantidad) VALUES (63, 10, 1);
INSERT INTO carrito_productos (carrito_id, producto_id, cantidad) VALUES (64, 129, 3);
INSERT INTO carrito_productos (carrito_id, producto_id, cantidad) VALUES (65, 85, 1);
INSERT INTO carrito_productos (carrito_id, producto_id, cantidad) VALUES (66, 113, 1);
INSERT INTO carrito_productos (carrito_id, producto_id, cantidad) VALUES (67, 135, 2);
INSERT INTO carrito_productos (carrito_id, producto_id, cantidad) VALUES (68, 4, 3);
INSERT INTO carrito_productos (carrito_id, producto_id, cantidad) VALUES (69, 37, 2);
INSERT INTO carrito_productos (carrito_id, producto_id, cantidad) VALUES (70, 40, 1);
INSERT INTO carrito_productos (carrito_id, producto_id, cantidad) VALUES (71, 121, 2);
INSERT INTO carrito_productos (carrito_id, producto_id, cantidad) VALUES (72, 87, 3);
INSERT INTO carrito_productos (carrito_id, producto_id, cantidad) VALUES (73, 102, 3);
INSERT INTO carrito_productos (carrito_id, producto_id, cantidad) VALUES (74, 21, 2);
INSERT INTO carrito_productos (carrito_id, producto_id, cantidad) VALUES (75, 137, 2);
INSERT INTO carrito_productos (carrito_id, producto_id, cantidad) VALUES (76, 82, 3);
INSERT INTO carrito_productos (carrito_id, producto_id, cantidad) VALUES (77, 125, 3);
INSERT INTO carrito_productos (carrito_id, producto_id, cantidad) VALUES (78, 10, 3);
INSERT INTO carrito_productos (carrito_id, producto_id, cantidad) VALUES (79, 18, 1);
INSERT INTO carrito_productos (carrito_id, producto_id, cantidad) VALUES (80, 74, 1);
INSERT INTO carrito_productos (carrito_id, producto_id, cantidad) VALUES (81, 24, 2);
INSERT INTO carrito_productos (carrito_id, producto_id, cantidad) VALUES (82, 26, 3);
INSERT INTO carrito_productos (carrito_id, producto_id, cantidad) VALUES (83, 26, 2);
INSERT INTO carrito_productos (carrito_id, producto_id, cantidad) VALUES (84, 43, 3);
INSERT INTO carrito_productos (carrito_id, producto_id, cantidad) VALUES (85, 77, 1);
INSERT INTO carrito_productos (carrito_id, producto_id, cantidad) VALUES (86, 12, 2);
INSERT INTO carrito_productos (carrito_id, producto_id, cantidad) VALUES (87, 15, 2);
INSERT INTO carrito_productos (carrito_id, producto_id, cantidad) VALUES (88, 92, 2);
INSERT INTO carrito_productos (carrito_id, producto_id, cantidad) VALUES (89, 111, 1);
INSERT INTO carrito_productos (carrito_id, producto_id, cantidad) VALUES (90, 63, 3);
INSERT INTO carrito_productos (carrito_id, producto_id, cantidad) VALUES (91, 106, 3);
INSERT INTO carrito_productos (carrito_id, producto_id, cantidad) VALUES (92, 47, 1);
INSERT INTO carrito_productos (carrito_id, producto_id, cantidad) VALUES (93, 45, 1);
INSERT INTO carrito_productos (carrito_id, producto_id, cantidad) VALUES (94, 98, 3);
INSERT INTO carrito_productos (carrito_id, producto_id, cantidad) VALUES (95, 62, 2);
INSERT INTO carrito_productos (carrito_id, producto_id, cantidad) VALUES (96, 150, 1);
INSERT INTO carrito_productos (carrito_id, producto_id, cantidad) VALUES (97, 60, 2);
INSERT INTO carrito_productos (carrito_id, producto_id, cantidad) VALUES (98, 66, 2);
INSERT INTO carrito_productos (carrito_id, producto_id, cantidad) VALUES (99, 66, 3);
INSERT INTO carrito_productos (carrito_id, producto_id, cantidad) VALUES (100, 3, 2);
INSERT INTO carrito_productos (carrito_id, producto_id, cantidad) VALUES (101, 74, 3);
INSERT INTO carrito_productos (carrito_id, producto_id, cantidad) VALUES (102, 140, 1);
INSERT INTO carrito_productos (carrito_id, producto_id, cantidad) VALUES (103, 19, 2);
INSERT INTO carrito_productos (carrito_id, producto_id, cantidad) VALUES (104, 89, 3);
INSERT INTO carrito_productos (carrito_id, producto_id, cantidad) VALUES (105, 77, 3);
INSERT INTO carrito_productos (carrito_id, producto_id, cantidad) VALUES (106, 109, 3);
INSERT INTO carrito_productos (carrito_id, producto_id, cantidad) VALUES (107, 65, 2);
INSERT INTO carrito_productos (carrito_id, producto_id, cantidad) VALUES (108, 78, 1);
INSERT INTO carrito_productos (carrito_id, producto_id, cantidad) VALUES (109, 99, 2);
INSERT INTO carrito_productos (carrito_id, producto_id, cantidad) VALUES (110, 28, 1);
INSERT INTO carrito_productos (carrito_id, producto_id, cantidad) VALUES (111, 98, 3);
INSERT INTO carrito_productos (carrito_id, producto_id, cantidad) VALUES (112, 92, 3);
INSERT INTO carrito_productos (carrito_id, producto_id, cantidad) VALUES (113, 76, 3);
INSERT INTO carrito_productos (carrito_id, producto_id, cantidad) VALUES (114, 76, 1);
INSERT INTO carrito_productos (carrito_id, producto_id, cantidad) VALUES (115, 102, 2);
INSERT INTO carrito_productos (carrito_id, producto_id, cantidad) VALUES (116, 3, 3);
INSERT INTO carrito_productos (carrito_id, producto_id, cantidad) VALUES (117, 13, 3);
INSERT INTO carrito_productos (carrito_id, producto_id, cantidad) VALUES (118, 128, 2);
INSERT INTO carrito_productos (carrito_id, producto_id, cantidad) VALUES (119, 59, 3);
INSERT INTO carrito_productos (carrito_id, producto_id, cantidad) VALUES (120, 91, 1);
INSERT INTO carrito_productos (carrito_id, producto_id, cantidad) VALUES (121, 49, 3);
INSERT INTO carrito_productos (carrito_id, producto_id, cantidad) VALUES (122, 65, 3);
INSERT INTO carrito_productos (carrito_id, producto_id, cantidad) VALUES (123, 36, 3);
INSERT INTO carrito_productos (carrito_id, producto_id, cantidad) VALUES (124, 25, 3);
INSERT INTO carrito_productos (carrito_id, producto_id, cantidad) VALUES (125, 11, 2);
INSERT INTO carrito_productos (carrito_id, producto_id, cantidad) VALUES (126, 113, 1);
INSERT INTO carrito_productos (carrito_id, producto_id, cantidad) VALUES (127, 149, 2);
INSERT INTO carrito_productos (carrito_id, producto_id, cantidad) VALUES (128, 34, 1);
INSERT INTO carrito_productos (carrito_id, producto_id, cantidad) VALUES (129, 76, 2);
INSERT INTO carrito_productos (carrito_id, producto_id, cantidad) VALUES (130, 107, 1);
INSERT INTO carrito_productos (carrito_id, producto_id, cantidad) VALUES (131, 52, 1);
INSERT INTO carrito_productos (carrito_id, producto_id, cantidad) VALUES (132, 139, 2);
INSERT INTO carrito_productos (carrito_id, producto_id, cantidad) VALUES (133, 136, 3);
INSERT INTO carrito_productos (carrito_id, producto_id, cantidad) VALUES (134, 70, 1);
INSERT INTO carrito_productos (carrito_id, producto_id, cantidad) VALUES (135, 66, 2);
INSERT INTO carrito_productos (carrito_id, producto_id, cantidad) VALUES (136, 76, 3);
INSERT INTO carrito_productos (carrito_id, producto_id, cantidad) VALUES (137, 87, 1);
INSERT INTO carrito_productos (carrito_id, producto_id, cantidad) VALUES (138, 120, 1);
INSERT INTO carrito_productos (carrito_id, producto_id, cantidad) VALUES (139, 37, 1);
INSERT INTO carrito_productos (carrito_id, producto_id, cantidad) VALUES (140, 102, 3);
INSERT INTO carrito_productos (carrito_id, producto_id, cantidad) VALUES (141, 94, 1);
INSERT INTO carrito_productos (carrito_id, producto_id, cantidad) VALUES (142, 102, 1);
INSERT INTO carrito_productos (carrito_id, producto_id, cantidad) VALUES (143, 68, 3);
INSERT INTO carrito_productos (carrito_id, producto_id, cantidad) VALUES (144, 32, 2);
INSERT INTO carrito_productos (carrito_id, producto_id, cantidad) VALUES (145, 95, 3);
INSERT INTO carrito_productos (carrito_id, producto_id, cantidad) VALUES (146, 68, 3);
INSERT INTO carrito_productos (carrito_id, producto_id, cantidad) VALUES (147, 98, 3);
INSERT INTO carrito_productos (carrito_id, producto_id, cantidad) VALUES (148, 96, 1);
INSERT INTO carrito_productos (carrito_id, producto_id, cantidad) VALUES (149, 60, 2);
INSERT INTO carrito_productos (carrito_id, producto_id, cantidad) VALUES (150, 7, 3);
INSERT INTO pedidos (id, usuario_id, total, fecha, estado) VALUES (1, 144, 111.84, '2024-11-14', 'pagado');
INSERT INTO pedidos (id, usuario_id, total, fecha, estado) VALUES (2, 17, 197.91, '2024-07-31', 'cancelado');
INSERT INTO pedidos (id, usuario_id, total, fecha, estado) VALUES (3, 78, 201.79, '2024-06-06', 'pendiente');
INSERT INTO pedidos (id, usuario_id, total, fecha, estado) VALUES (4, 36, 32.7, '2025-05-26', 'pendiente');
INSERT INTO pedidos (id, usuario_id, total, fecha, estado) VALUES (5, 78, 298.86, '2024-09-01', 'pendiente');
INSERT INTO pedidos (id, usuario_id, total, fecha, estado) VALUES (6, 25, 85.74, '2024-06-15', 'pagado');
INSERT INTO pedidos (id, usuario_id, total, fecha, estado) VALUES (7, 100, 147.02, '2024-09-02', 'cancelado');
INSERT INTO pedidos (id, usuario_id, total, fecha, estado) VALUES (8, 40, 267.92, '2024-11-18', 'pendiente');
INSERT INTO pedidos (id, usuario_id, total, fecha, estado) VALUES (9, 126, 192.38, '2024-11-02', 'enviado');
INSERT INTO pedidos (id, usuario_id, total, fecha, estado) VALUES (10, 9, 213.28, '2024-08-02', 'pagado');
INSERT INTO pedidos (id, usuario_id, total, fecha, estado) VALUES (11, 114, 144.51, '2024-10-21', 'pagado');
INSERT INTO pedidos (id, usuario_id, total, fecha, estado) VALUES (12, 93, 47.82, '2025-02-15', 'enviado');
INSERT INTO pedidos (id, usuario_id, total, fecha, estado) VALUES (13, 140, 272.47, '2024-09-25', 'enviado');
INSERT INTO pedidos (id, usuario_id, total, fecha, estado) VALUES (14, 16, 131.48, '2024-09-01', 'pagado');
INSERT INTO pedidos (id, usuario_id, total, fecha, estado) VALUES (15, 32, 285.72, '2025-05-29', 'cancelado');
INSERT INTO pedidos (id, usuario_id, total, fecha, estado) VALUES (16, 24, 205.58, '2025-05-13', 'pendiente');
INSERT INTO pedidos (id, usuario_id, total, fecha, estado) VALUES (17, 13, 240.3, '2025-02-26', 'pagado');
INSERT INTO pedidos (id, usuario_id, total, fecha, estado) VALUES (18, 33, 240.35, '2024-11-02', 'pagado');
INSERT INTO pedidos (id, usuario_id, total, fecha, estado) VALUES (19, 18, 252.35, '2025-02-27', 'pagado');
INSERT INTO pedidos (id, usuario_id, total, fecha, estado) VALUES (20, 56, 247.65, '2025-05-15', 'pagado');
INSERT INTO pedidos (id, usuario_id, total, fecha, estado) VALUES (21, 85, 236.82, '2025-03-10', 'pendiente');
INSERT INTO pedidos (id, usuario_id, total, fecha, estado) VALUES (22, 71, 260.35, '2025-04-21', 'pagado');
INSERT INTO pedidos (id, usuario_id, total, fecha, estado) VALUES (23, 34, 171.26, '2025-05-22', 'pagado');
INSERT INTO pedidos (id, usuario_id, total, fecha, estado) VALUES (24, 29, 205.1, '2024-07-19', 'pendiente');
INSERT INTO pedidos (id, usuario_id, total, fecha, estado) VALUES (25, 34, 24.16, '2024-12-14', 'pagado');
INSERT INTO pedidos (id, usuario_id, total, fecha, estado) VALUES (26, 83, 24.42, '2024-08-10', 'enviado');
INSERT INTO pedidos (id, usuario_id, total, fecha, estado) VALUES (27, 14, 55.49, '2024-07-18', 'cancelado');
INSERT INTO pedidos (id, usuario_id, total, fecha, estado) VALUES (28, 135, 51.82, '2024-09-01', 'pendiente');
INSERT INTO pedidos (id, usuario_id, total, fecha, estado) VALUES (29, 122, 145.52, '2024-07-15', 'enviado');
INSERT INTO pedidos (id, usuario_id, total, fecha, estado) VALUES (30, 132, 186.23, '2024-09-23', 'cancelado');
INSERT INTO pedidos (id, usuario_id, total, fecha, estado) VALUES (31, 129, 82.03, '2024-10-22', 'pendiente');
INSERT INTO pedidos (id, usuario_id, total, fecha, estado) VALUES (32, 134, 104.46, '2024-07-05', 'pendiente');
INSERT INTO pedidos (id, usuario_id, total, fecha, estado) VALUES (33, 16, 299.6, '2025-01-31', 'cancelado');
INSERT INTO pedidos (id, usuario_id, total, fecha, estado) VALUES (34, 110, 212.11, '2024-10-13', 'cancelado');
INSERT INTO pedidos (id, usuario_id, total, fecha, estado) VALUES (35, 114, 40.58, '2024-07-21', 'pendiente');
INSERT INTO pedidos (id, usuario_id, total, fecha, estado) VALUES (36, 83, 190.32, '2024-10-24', 'pendiente');
INSERT INTO pedidos (id, usuario_id, total, fecha, estado) VALUES (37, 33, 97.0, '2025-05-30', 'enviado');
INSERT INTO pedidos (id, usuario_id, total, fecha, estado) VALUES (38, 98, 298.5, '2025-05-31', 'enviado');
INSERT INTO pedidos (id, usuario_id, total, fecha, estado) VALUES (39, 117, 161.55, '2025-05-29', 'cancelado');
INSERT INTO pedidos (id, usuario_id, total, fecha, estado) VALUES (40, 26, 242.07, '2024-07-08', 'pendiente');
INSERT INTO pedidos (id, usuario_id, total, fecha, estado) VALUES (41, 142, 221.84, '2025-05-19', 'pagado');
INSERT INTO pedidos (id, usuario_id, total, fecha, estado) VALUES (42, 111, 146.44, '2024-06-22', 'pagado');
INSERT INTO pedidos (id, usuario_id, total, fecha, estado) VALUES (43, 106, 114.9, '2025-01-26', 'cancelado');
INSERT INTO pedidos (id, usuario_id, total, fecha, estado) VALUES (44, 103, 136.48, '2024-08-03', 'pendiente');
INSERT INTO pedidos (id, usuario_id, total, fecha, estado) VALUES (45, 81, 139.49, '2024-08-14', 'enviado');
INSERT INTO pedidos (id, usuario_id, total, fecha, estado) VALUES (46, 96, 287.01, '2024-11-19', 'cancelado');
INSERT INTO pedidos (id, usuario_id, total, fecha, estado) VALUES (47, 18, 45.54, '2024-12-29', 'pendiente');
INSERT INTO pedidos (id, usuario_id, total, fecha, estado) VALUES (48, 24, 140.93, '2024-10-14', 'enviado');
INSERT INTO pedidos (id, usuario_id, total, fecha, estado) VALUES (49, 34, 175.78, '2025-01-24', 'enviado');
INSERT INTO pedidos (id, usuario_id, total, fecha, estado) VALUES (50, 32, 135.03, '2024-08-15', 'cancelado');
INSERT INTO pedidos (id, usuario_id, total, fecha, estado) VALUES (51, 14, 291.15, '2025-02-24', 'enviado');
INSERT INTO pedidos (id, usuario_id, total, fecha, estado) VALUES (52, 91, 49.01, '2024-11-18', 'pagado');
INSERT INTO pedidos (id, usuario_id, total, fecha, estado) VALUES (53, 40, 203.89, '2024-08-03', 'pagado');
INSERT INTO pedidos (id, usuario_id, total, fecha, estado) VALUES (54, 28, 118.03, '2025-05-18', 'enviado');
INSERT INTO pedidos (id, usuario_id, total, fecha, estado) VALUES (55, 30, 233.53, '2025-02-20', 'pagado');
INSERT INTO pedidos (id, usuario_id, total, fecha, estado) VALUES (56, 110, 256.64, '2025-02-27', 'pendiente');
INSERT INTO pedidos (id, usuario_id, total, fecha, estado) VALUES (57, 69, 28.11, '2024-10-01', 'enviado');
INSERT INTO pedidos (id, usuario_id, total, fecha, estado) VALUES (58, 80, 278.03, '2025-02-03', 'enviado');
INSERT INTO pedidos (id, usuario_id, total, fecha, estado) VALUES (59, 2, 70.79, '2025-04-19', 'pagado');
INSERT INTO pedidos (id, usuario_id, total, fecha, estado) VALUES (60, 145, 204.06, '2024-09-25', 'pendiente');
INSERT INTO pedidos (id, usuario_id, total, fecha, estado) VALUES (61, 37, 227.47, '2024-10-19', 'pendiente');
INSERT INTO pedidos (id, usuario_id, total, fecha, estado) VALUES (62, 24, 228.91, '2025-05-11', 'pagado');
INSERT INTO pedidos (id, usuario_id, total, fecha, estado) VALUES (63, 97, 137.55, '2024-07-16', 'enviado');
INSERT INTO pedidos (id, usuario_id, total, fecha, estado) VALUES (64, 41, 123.61, '2024-09-19', 'enviado');
INSERT INTO pedidos (id, usuario_id, total, fecha, estado) VALUES (65, 146, 186.94, '2025-05-27', 'pendiente');
INSERT INTO pedidos (id, usuario_id, total, fecha, estado) VALUES (66, 40, 64.07, '2024-12-16', 'pendiente');
INSERT INTO pedidos (id, usuario_id, total, fecha, estado) VALUES (67, 21, 96.19, '2025-02-17', 'cancelado');
INSERT INTO pedidos (id, usuario_id, total, fecha, estado) VALUES (68, 125, 189.98, '2024-10-27', 'cancelado');
INSERT INTO pedidos (id, usuario_id, total, fecha, estado) VALUES (69, 70, 80.36, '2025-06-03', 'pendiente');
INSERT INTO pedidos (id, usuario_id, total, fecha, estado) VALUES (70, 89, 140.38, '2024-09-17', 'enviado');
INSERT INTO pedidos (id, usuario_id, total, fecha, estado) VALUES (71, 125, 167.54, '2025-04-16', 'enviado');
INSERT INTO pedidos (id, usuario_id, total, fecha, estado) VALUES (72, 12, 81.75, '2025-05-24', 'pendiente');
INSERT INTO pedidos (id, usuario_id, total, fecha, estado) VALUES (73, 2, 77.24, '2025-03-09', 'pagado');
INSERT INTO pedidos (id, usuario_id, total, fecha, estado) VALUES (74, 36, 233.97, '2025-04-12', 'enviado');
INSERT INTO pedidos (id, usuario_id, total, fecha, estado) VALUES (75, 84, 53.6, '2024-07-05', 'cancelado');
INSERT INTO pedidos (id, usuario_id, total, fecha, estado) VALUES (76, 111, 69.19, '2025-04-08', 'cancelado');
INSERT INTO pedidos (id, usuario_id, total, fecha, estado) VALUES (77, 137, 217.03, '2024-06-06', 'enviado');
INSERT INTO pedidos (id, usuario_id, total, fecha, estado) VALUES (78, 19, 131.18, '2025-05-06', 'pendiente');
INSERT INTO pedidos (id, usuario_id, total, fecha, estado) VALUES (79, 112, 25.25, '2025-06-03', 'pendiente');
INSERT INTO pedidos (id, usuario_id, total, fecha, estado) VALUES (80, 81, 181.21, '2024-08-02', 'cancelado');
INSERT INTO pedidos (id, usuario_id, total, fecha, estado) VALUES (81, 107, 101.06, '2025-04-04', 'cancelado');
INSERT INTO pedidos (id, usuario_id, total, fecha, estado) VALUES (82, 6, 290.54, '2025-02-15', 'pagado');
INSERT INTO pedidos (id, usuario_id, total, fecha, estado) VALUES (83, 118, 252.97, '2024-08-01', 'enviado');
INSERT INTO pedidos (id, usuario_id, total, fecha, estado) VALUES (84, 23, 142.28, '2024-10-08', 'pendiente');
INSERT INTO pedidos (id, usuario_id, total, fecha, estado) VALUES (85, 63, 141.99, '2024-08-02', 'cancelado');
INSERT INTO pedidos (id, usuario_id, total, fecha, estado) VALUES (86, 135, 42.02, '2024-11-04', 'enviado');
INSERT INTO pedidos (id, usuario_id, total, fecha, estado) VALUES (87, 87, 82.04, '2024-11-26', 'pagado');
INSERT INTO pedidos (id, usuario_id, total, fecha, estado) VALUES (88, 20, 162.94, '2025-03-13', 'pendiente');
INSERT INTO pedidos (id, usuario_id, total, fecha, estado) VALUES (89, 136, 162.79, '2025-04-11', 'enviado');
INSERT INTO pedidos (id, usuario_id, total, fecha, estado) VALUES (90, 90, 223.67, '2025-04-07', 'pagado');
INSERT INTO pedidos (id, usuario_id, total, fecha, estado) VALUES (91, 61, 48.79, '2024-12-08', 'enviado');
INSERT INTO pedidos (id, usuario_id, total, fecha, estado) VALUES (92, 51, 68.58, '2025-04-18', 'pagado');
INSERT INTO pedidos (id, usuario_id, total, fecha, estado) VALUES (93, 20, 69.6, '2024-07-02', 'cancelado');
INSERT INTO pedidos (id, usuario_id, total, fecha, estado) VALUES (94, 119, 231.24, '2024-07-19', 'cancelado');
INSERT INTO pedidos (id, usuario_id, total, fecha, estado) VALUES (95, 145, 200.04, '2025-01-16', 'enviado');
INSERT INTO pedidos (id, usuario_id, total, fecha, estado) VALUES (96, 81, 62.27, '2024-11-19', 'pendiente');
INSERT INTO pedidos (id, usuario_id, total, fecha, estado) VALUES (97, 121, 143.82, '2025-03-15', 'enviado');
INSERT INTO pedidos (id, usuario_id, total, fecha, estado) VALUES (98, 71, 185.6, '2024-09-22', 'enviado');
INSERT INTO pedidos (id, usuario_id, total, fecha, estado) VALUES (99, 130, 40.77, '2024-08-01', 'cancelado');
INSERT INTO pedidos (id, usuario_id, total, fecha, estado) VALUES (100, 116, 30.53, '2024-07-11', 'enviado');
INSERT INTO pedidos (id, usuario_id, total, fecha, estado) VALUES (101, 74, 41.48, '2024-10-09', 'pendiente');
INSERT INTO pedidos (id, usuario_id, total, fecha, estado) VALUES (102, 130, 127.66, '2024-07-25', 'pendiente');
INSERT INTO pedidos (id, usuario_id, total, fecha, estado) VALUES (103, 116, 274.53, '2024-08-15', 'pagado');
INSERT INTO pedidos (id, usuario_id, total, fecha, estado) VALUES (104, 83, 189.4, '2025-03-31', 'pagado');
INSERT INTO pedidos (id, usuario_id, total, fecha, estado) VALUES (105, 16, 146.15, '2024-11-02', 'enviado');
INSERT INTO pedidos (id, usuario_id, total, fecha, estado) VALUES (106, 22, 161.27, '2024-10-20', 'pagado');
INSERT INTO pedidos (id, usuario_id, total, fecha, estado) VALUES (107, 11, 89.37, '2024-10-08', 'cancelado');
INSERT INTO pedidos (id, usuario_id, total, fecha, estado) VALUES (108, 113, 166.74, '2024-12-14', 'pagado');
INSERT INTO pedidos (id, usuario_id, total, fecha, estado) VALUES (109, 94, 124.4, '2024-11-17', 'enviado');
INSERT INTO pedidos (id, usuario_id, total, fecha, estado) VALUES (110, 100, 134.46, '2024-12-09', 'enviado');
INSERT INTO pedidos (id, usuario_id, total, fecha, estado) VALUES (111, 14, 240.98, '2025-03-02', 'enviado');
INSERT INTO pedidos (id, usuario_id, total, fecha, estado) VALUES (112, 17, 112.31, '2024-11-13', 'cancelado');
INSERT INTO pedidos (id, usuario_id, total, fecha, estado) VALUES (113, 73, 90.56, '2025-01-25', 'pagado');
INSERT INTO pedidos (id, usuario_id, total, fecha, estado) VALUES (114, 86, 42.82, '2025-04-10', 'pagado');
INSERT INTO pedidos (id, usuario_id, total, fecha, estado) VALUES (115, 90, 106.86, '2025-02-08', 'cancelado');
INSERT INTO pedidos (id, usuario_id, total, fecha, estado) VALUES (116, 34, 186.61, '2024-10-13', 'pendiente');
INSERT INTO pedidos (id, usuario_id, total, fecha, estado) VALUES (117, 80, 176.5, '2024-07-29', 'enviado');
INSERT INTO pedidos (id, usuario_id, total, fecha, estado) VALUES (118, 33, 207.63, '2025-04-13', 'pendiente');
INSERT INTO pedidos (id, usuario_id, total, fecha, estado) VALUES (119, 109, 162.38, '2025-02-14', 'pendiente');
INSERT INTO pedidos (id, usuario_id, total, fecha, estado) VALUES (120, 93, 106.48, '2025-05-29', 'pagado');
INSERT INTO pedidos (id, usuario_id, total, fecha, estado) VALUES (121, 88, 285.35, '2024-09-09', 'cancelado');
INSERT INTO pedidos (id, usuario_id, total, fecha, estado) VALUES (122, 50, 83.43, '2024-11-01', 'pagado');
INSERT INTO pedidos (id, usuario_id, total, fecha, estado) VALUES (123, 40, 41.61, '2024-11-15', 'pendiente');
INSERT INTO pedidos (id, usuario_id, total, fecha, estado) VALUES (124, 130, 235.84, '2025-01-05', 'pendiente');
INSERT INTO pedidos (id, usuario_id, total, fecha, estado) VALUES (125, 87, 265.39, '2024-12-16', 'pagado');
INSERT INTO pedidos (id, usuario_id, total, fecha, estado) VALUES (126, 97, 63.19, '2025-01-01', 'pagado');
INSERT INTO pedidos (id, usuario_id, total, fecha, estado) VALUES (127, 43, 221.93, '2024-12-30', 'pendiente');
INSERT INTO pedidos (id, usuario_id, total, fecha, estado) VALUES (128, 106, 122.0, '2024-12-14', 'pagado');
INSERT INTO pedidos (id, usuario_id, total, fecha, estado) VALUES (129, 114, 190.97, '2024-12-29', 'cancelado');
INSERT INTO pedidos (id, usuario_id, total, fecha, estado) VALUES (130, 60, 169.52, '2024-12-31', 'enviado');
INSERT INTO pedidos (id, usuario_id, total, fecha, estado) VALUES (131, 121, 273.11, '2025-04-21', 'pagado');
INSERT INTO pedidos (id, usuario_id, total, fecha, estado) VALUES (132, 95, 209.93, '2024-09-03', 'cancelado');
INSERT INTO pedidos (id, usuario_id, total, fecha, estado) VALUES (133, 119, 235.44, '2024-11-02', 'cancelado');
INSERT INTO pedidos (id, usuario_id, total, fecha, estado) VALUES (134, 129, 167.69, '2024-07-08', 'pagado');
INSERT INTO pedidos (id, usuario_id, total, fecha, estado) VALUES (135, 52, 244.35, '2025-01-17', 'pagado');
INSERT INTO pedidos (id, usuario_id, total, fecha, estado) VALUES (136, 65, 34.61, '2025-03-10', 'cancelado');
INSERT INTO pedidos (id, usuario_id, total, fecha, estado) VALUES (137, 96, 175.27, '2024-11-16', 'pendiente');
INSERT INTO pedidos (id, usuario_id, total, fecha, estado) VALUES (138, 133, 258.33, '2024-12-27', 'enviado');
INSERT INTO pedidos (id, usuario_id, total, fecha, estado) VALUES (139, 22, 233.67, '2025-01-16', 'enviado');
INSERT INTO pedidos (id, usuario_id, total, fecha, estado) VALUES (140, 116, 273.49, '2025-04-03', 'pagado');
INSERT INTO pedidos (id, usuario_id, total, fecha, estado) VALUES (141, 112, 45.68, '2025-03-02', 'pagado');
INSERT INTO pedidos (id, usuario_id, total, fecha, estado) VALUES (142, 116, 267.7, '2025-04-17', 'pendiente');
INSERT INTO pedidos (id, usuario_id, total, fecha, estado) VALUES (143, 107, 34.91, '2025-03-23', 'enviado');
INSERT INTO pedidos (id, usuario_id, total, fecha, estado) VALUES (144, 61, 128.13, '2024-08-30', 'pendiente');
INSERT INTO pedidos (id, usuario_id, total, fecha, estado) VALUES (145, 96, 82.87, '2025-03-06', 'enviado');
INSERT INTO pedidos (id, usuario_id, total, fecha, estado) VALUES (146, 26, 254.97, '2024-07-09', 'enviado');
INSERT INTO pedidos (id, usuario_id, total, fecha, estado) VALUES (147, 38, 58.53, '2024-09-05', 'enviado');
INSERT INTO pedidos (id, usuario_id, total, fecha, estado) VALUES (148, 121, 214.9, '2024-10-24', 'pagado');
INSERT INTO pedidos (id, usuario_id, total, fecha, estado) VALUES (149, 121, 145.61, '2024-06-07', 'pendiente');
INSERT INTO pedidos (id, usuario_id, total, fecha, estado) VALUES (150, 21, 25.32, '2024-08-23', 'pagado');
INSERT INTO pedidos (id, usuario_id, total, fecha, estado) VALUES (151, 39, 173.67, '2025-05-02', 'cancelado');
INSERT INTO pedidos (id, usuario_id, total, fecha, estado) VALUES (152, 29, 237.33, '2024-06-12', 'pagado');
INSERT INTO pedidos (id, usuario_id, total, fecha, estado) VALUES (153, 78, 54.12, '2024-10-24', 'pagado');
INSERT INTO pedidos (id, usuario_id, total, fecha, estado) VALUES (154, 108, 198.91, '2025-01-08', 'cancelado');
INSERT INTO pedidos (id, usuario_id, total, fecha, estado) VALUES (155, 17, 51.04, '2024-12-07', 'cancelado');
INSERT INTO pedidos (id, usuario_id, total, fecha, estado) VALUES (156, 138, 24.6, '2024-07-27', 'pagado');
INSERT INTO pedidos (id, usuario_id, total, fecha, estado) VALUES (157, 37, 101.56, '2025-05-29', 'pendiente');
INSERT INTO pedidos (id, usuario_id, total, fecha, estado) VALUES (158, 91, 87.36, '2024-07-18', 'cancelado');
INSERT INTO pedidos (id, usuario_id, total, fecha, estado) VALUES (159, 48, 206.02, '2024-06-29', 'pendiente');
INSERT INTO pedidos (id, usuario_id, total, fecha, estado) VALUES (160, 135, 292.9, '2025-05-25', 'pendiente');
INSERT INTO pedidos (id, usuario_id, total, fecha, estado) VALUES (161, 135, 172.34, '2024-10-19', 'pendiente');
INSERT INTO pedidos (id, usuario_id, total, fecha, estado) VALUES (162, 100, 264.53, '2024-10-24', 'pendiente');
INSERT INTO pedidos (id, usuario_id, total, fecha, estado) VALUES (163, 100, 294.69, '2025-05-01', 'enviado');
INSERT INTO pedidos (id, usuario_id, total, fecha, estado) VALUES (164, 5, 119.99, '2025-05-01', 'pendiente');
INSERT INTO pedidos (id, usuario_id, total, fecha, estado) VALUES (165, 89, 87.52, '2025-05-08', 'pendiente');
INSERT INTO pedidos (id, usuario_id, total, fecha, estado) VALUES (166, 149, 225.85, '2025-04-04', 'enviado');
INSERT INTO pedidos (id, usuario_id, total, fecha, estado) VALUES (167, 35, 32.41, '2025-04-20', 'enviado');
INSERT INTO pedidos (id, usuario_id, total, fecha, estado) VALUES (168, 45, 252.51, '2024-07-30', 'cancelado');
INSERT INTO pedidos (id, usuario_id, total, fecha, estado) VALUES (169, 123, 196.89, '2024-09-28', 'pagado');
INSERT INTO pedidos (id, usuario_id, total, fecha, estado) VALUES (170, 17, 220.49, '2024-12-01', 'cancelado');
INSERT INTO pedidos (id, usuario_id, total, fecha, estado) VALUES (171, 10, 102.16, '2024-07-31', 'pendiente');
INSERT INTO pedidos (id, usuario_id, total, fecha, estado) VALUES (172, 52, 268.02, '2025-04-26', 'enviado');
INSERT INTO pedidos (id, usuario_id, total, fecha, estado) VALUES (173, 80, 164.31, '2025-05-03', 'cancelado');
INSERT INTO pedidos (id, usuario_id, total, fecha, estado) VALUES (174, 65, 30.25, '2025-01-06', 'pagado');
INSERT INTO pedidos (id, usuario_id, total, fecha, estado) VALUES (175, 74, 119.95, '2025-06-02', 'pendiente');
INSERT INTO pedidos (id, usuario_id, total, fecha, estado) VALUES (176, 85, 96.5, '2025-05-26', 'enviado');
INSERT INTO pedidos (id, usuario_id, total, fecha, estado) VALUES (177, 112, 269.06, '2024-11-16', 'cancelado');
INSERT INTO pedidos (id, usuario_id, total, fecha, estado) VALUES (178, 99, 114.93, '2024-09-08', 'pagado');
INSERT INTO pedidos (id, usuario_id, total, fecha, estado) VALUES (179, 128, 213.78, '2024-08-26', 'enviado');
INSERT INTO pedidos (id, usuario_id, total, fecha, estado) VALUES (180, 133, 94.68, '2025-04-23', 'pendiente');
INSERT INTO pedidos (id, usuario_id, total, fecha, estado) VALUES (181, 109, 42.1, '2024-09-01', 'pagado');
INSERT INTO pedidos (id, usuario_id, total, fecha, estado) VALUES (182, 140, 102.25, '2024-06-27', 'pendiente');
INSERT INTO pedidos (id, usuario_id, total, fecha, estado) VALUES (183, 21, 111.82, '2025-03-23', 'enviado');
INSERT INTO pedidos (id, usuario_id, total, fecha, estado) VALUES (184, 79, 144.86, '2024-07-29', 'cancelado');
INSERT INTO pedidos (id, usuario_id, total, fecha, estado) VALUES (185, 43, 213.13, '2024-07-21', 'enviado');
INSERT INTO pedidos (id, usuario_id, total, fecha, estado) VALUES (186, 115, 31.86, '2025-03-03', 'enviado');
INSERT INTO pedidos (id, usuario_id, total, fecha, estado) VALUES (187, 112, 96.88, '2025-03-06', 'pendiente');
INSERT INTO pedidos (id, usuario_id, total, fecha, estado) VALUES (188, 20, 207.93, '2024-07-31', 'cancelado');
INSERT INTO pedidos (id, usuario_id, total, fecha, estado) VALUES (189, 94, 163.66, '2024-10-30', 'pagado');
INSERT INTO pedidos (id, usuario_id, total, fecha, estado) VALUES (190, 8, 59.98, '2025-03-17', 'cancelado');
INSERT INTO pedidos (id, usuario_id, total, fecha, estado) VALUES (191, 9, 55.34, '2024-06-16', 'pagado');
INSERT INTO pedidos (id, usuario_id, total, fecha, estado) VALUES (192, 94, 121.4, '2025-03-03', 'pendiente');
INSERT INTO pedidos (id, usuario_id, total, fecha, estado) VALUES (193, 40, 210.14, '2024-11-17', 'enviado');
INSERT INTO pedidos (id, usuario_id, total, fecha, estado) VALUES (194, 96, 144.3, '2024-10-28', 'pendiente');
INSERT INTO pedidos (id, usuario_id, total, fecha, estado) VALUES (195, 147, 58.55, '2024-06-27', 'enviado');
INSERT INTO pedidos (id, usuario_id, total, fecha, estado) VALUES (196, 102, 108.03, '2025-03-05', 'enviado');
INSERT INTO pedidos (id, usuario_id, total, fecha, estado) VALUES (197, 64, 288.95, '2024-07-17', 'pendiente');
INSERT INTO pedidos (id, usuario_id, total, fecha, estado) VALUES (198, 48, 159.73, '2025-02-18', 'cancelado');
INSERT INTO pedidos (id, usuario_id, total, fecha, estado) VALUES (199, 144, 52.97, '2025-01-17', 'enviado');
INSERT INTO pedidos (id, usuario_id, total, fecha, estado) VALUES (200, 115, 80.08, '2024-07-04', 'enviado');
INSERT INTO detalles_pedido (pedido_id, producto_id, cantidad, precio_unitario) VALUES (178, 126, 1, 19.81);
INSERT INTO detalles_pedido (pedido_id, producto_id, cantidad, precio_unitario) VALUES (19, 116, 1, 81.89);
INSERT INTO detalles_pedido (pedido_id, producto_id, cantidad, precio_unitario) VALUES (114, 23, 3, 87.4);
INSERT INTO detalles_pedido (pedido_id, producto_id, cantidad, precio_unitario) VALUES (82, 89, 3, 15.2);
INSERT INTO detalles_pedido (pedido_id, producto_id, cantidad, precio_unitario) VALUES (139, 75, 2, 78.11);
INSERT INTO detalles_pedido (pedido_id, producto_id, cantidad, precio_unitario) VALUES (183, 45, 2, 50.7);
INSERT INTO detalles_pedido (pedido_id, producto_id, cantidad, precio_unitario) VALUES (32, 52, 1, 28.94);
INSERT INTO detalles_pedido (pedido_id, producto_id, cantidad, precio_unitario) VALUES (127, 7, 2, 54.32);
INSERT INTO detalles_pedido (pedido_id, producto_id, cantidad, precio_unitario) VALUES (95, 120, 3, 20.38);
INSERT INTO detalles_pedido (pedido_id, producto_id, cantidad, precio_unitario) VALUES (23, 17, 2, 41.85);
INSERT INTO detalles_pedido (pedido_id, producto_id, cantidad, precio_unitario) VALUES (184, 123, 3, 42.86);
INSERT INTO detalles_pedido (pedido_id, producto_id, cantidad, precio_unitario) VALUES (105, 148, 1, 20.03);
INSERT INTO detalles_pedido (pedido_id, producto_id, cantidad, precio_unitario) VALUES (82, 19, 2, 47.27);
INSERT INTO detalles_pedido (pedido_id, producto_id, cantidad, precio_unitario) VALUES (133, 89, 1, 80.24);
INSERT INTO detalles_pedido (pedido_id, producto_id, cantidad, precio_unitario) VALUES (200, 142, 3, 57.02);
INSERT INTO detalles_pedido (pedido_id, producto_id, cantidad, precio_unitario) VALUES (197, 34, 2, 50.23);
INSERT INTO detalles_pedido (pedido_id, producto_id, cantidad, precio_unitario) VALUES (15, 32, 3, 22.24);
INSERT INTO detalles_pedido (pedido_id, producto_id, cantidad, precio_unitario) VALUES (43, 42, 2, 84.78);
INSERT INTO detalles_pedido (pedido_id, producto_id, cantidad, precio_unitario) VALUES (58, 89, 3, 81.59);
INSERT INTO detalles_pedido (pedido_id, producto_id, cantidad, precio_unitario) VALUES (21, 65, 1, 60.8);
INSERT INTO detalles_pedido (pedido_id, producto_id, cantidad, precio_unitario) VALUES (142, 71, 1, 60.0);
INSERT INTO detalles_pedido (pedido_id, producto_id, cantidad, precio_unitario) VALUES (158, 137, 1, 50.21);
INSERT INTO detalles_pedido (pedido_id, producto_id, cantidad, precio_unitario) VALUES (44, 149, 1, 23.7);
INSERT INTO detalles_pedido (pedido_id, producto_id, cantidad, precio_unitario) VALUES (160, 87, 3, 13.3);
INSERT INTO detalles_pedido (pedido_id, producto_id, cantidad, precio_unitario) VALUES (8, 21, 1, 85.88);
INSERT INTO detalles_pedido (pedido_id, producto_id, cantidad, precio_unitario) VALUES (198, 148, 2, 62.09);
INSERT INTO detalles_pedido (pedido_id, producto_id, cantidad, precio_unitario) VALUES (197, 147, 2, 59.45);
INSERT INTO detalles_pedido (pedido_id, producto_id, cantidad, precio_unitario) VALUES (8, 128, 3, 53.65);
INSERT INTO detalles_pedido (pedido_id, producto_id, cantidad, precio_unitario) VALUES (165, 78, 2, 29.59);
INSERT INTO detalles_pedido (pedido_id, producto_id, cantidad, precio_unitario) VALUES (176, 104, 2, 46.28);
INSERT INTO detalles_pedido (pedido_id, producto_id, cantidad, precio_unitario) VALUES (177, 16, 1, 45.17);
INSERT INTO detalles_pedido (pedido_id, producto_id, cantidad, precio_unitario) VALUES (124, 119, 1, 37.22);
INSERT INTO detalles_pedido (pedido_id, producto_id, cantidad, precio_unitario) VALUES (37, 81, 3, 35.55);
INSERT INTO detalles_pedido (pedido_id, producto_id, cantidad, precio_unitario) VALUES (89, 103, 1, 70.85);
INSERT INTO detalles_pedido (pedido_id, producto_id, cantidad, precio_unitario) VALUES (132, 144, 1, 35.53);
INSERT INTO detalles_pedido (pedido_id, producto_id, cantidad, precio_unitario) VALUES (120, 32, 2, 45.97);
INSERT INTO detalles_pedido (pedido_id, producto_id, cantidad, precio_unitario) VALUES (37, 25, 1, 33.22);
INSERT INTO detalles_pedido (pedido_id, producto_id, cantidad, precio_unitario) VALUES (99, 108, 1, 87.01);
INSERT INTO detalles_pedido (pedido_id, producto_id, cantidad, precio_unitario) VALUES (41, 84, 3, 67.69);
INSERT INTO detalles_pedido (pedido_id, producto_id, cantidad, precio_unitario) VALUES (49, 41, 2, 89.68);
INSERT INTO detalles_pedido (pedido_id, producto_id, cantidad, precio_unitario) VALUES (120, 128, 2, 49.79);
INSERT INTO detalles_pedido (pedido_id, producto_id, cantidad, precio_unitario) VALUES (24, 101, 3, 46.58);
INSERT INTO detalles_pedido (pedido_id, producto_id, cantidad, precio_unitario) VALUES (62, 56, 3, 38.23);
INSERT INTO detalles_pedido (pedido_id, producto_id, cantidad, precio_unitario) VALUES (13, 73, 2, 57.8);
INSERT INTO detalles_pedido (pedido_id, producto_id, cantidad, precio_unitario) VALUES (168, 121, 2, 52.94);
INSERT INTO detalles_pedido (pedido_id, producto_id, cantidad, precio_unitario) VALUES (28, 111, 1, 80.6);
INSERT INTO detalles_pedido (pedido_id, producto_id, cantidad, precio_unitario) VALUES (187, 94, 2, 39.27);
INSERT INTO detalles_pedido (pedido_id, producto_id, cantidad, precio_unitario) VALUES (103, 14, 3, 54.95);
INSERT INTO detalles_pedido (pedido_id, producto_id, cantidad, precio_unitario) VALUES (93, 142, 2, 15.88);
INSERT INTO detalles_pedido (pedido_id, producto_id, cantidad, precio_unitario) VALUES (130, 116, 3, 32.38);
INSERT INTO detalles_pedido (pedido_id, producto_id, cantidad, precio_unitario) VALUES (160, 31, 1, 88.01);
INSERT INTO detalles_pedido (pedido_id, producto_id, cantidad, precio_unitario) VALUES (101, 96, 2, 54.63);
INSERT INTO detalles_pedido (pedido_id, producto_id, cantidad, precio_unitario) VALUES (94, 37, 1, 58.2);
INSERT INTO detalles_pedido (pedido_id, producto_id, cantidad, precio_unitario) VALUES (103, 129, 1, 13.62);
INSERT INTO detalles_pedido (pedido_id, producto_id, cantidad, precio_unitario) VALUES (36, 86, 2, 51.55);
INSERT INTO detalles_pedido (pedido_id, producto_id, cantidad, precio_unitario) VALUES (39, 132, 1, 36.24);
INSERT INTO detalles_pedido (pedido_id, producto_id, cantidad, precio_unitario) VALUES (157, 82, 1, 41.44);
INSERT INTO detalles_pedido (pedido_id, producto_id, cantidad, precio_unitario) VALUES (158, 77, 3, 36.91);
INSERT INTO detalles_pedido (pedido_id, producto_id, cantidad, precio_unitario) VALUES (131, 137, 2, 66.7);
INSERT INTO detalles_pedido (pedido_id, producto_id, cantidad, precio_unitario) VALUES (77, 122, 1, 39.47);
INSERT INTO detalles_pedido (pedido_id, producto_id, cantidad, precio_unitario) VALUES (173, 29, 2, 56.7);
INSERT INTO detalles_pedido (pedido_id, producto_id, cantidad, precio_unitario) VALUES (186, 7, 3, 47.97);
INSERT INTO detalles_pedido (pedido_id, producto_id, cantidad, precio_unitario) VALUES (168, 149, 3, 28.2);
INSERT INTO detalles_pedido (pedido_id, producto_id, cantidad, precio_unitario) VALUES (14, 150, 2, 23.64);
INSERT INTO detalles_pedido (pedido_id, producto_id, cantidad, precio_unitario) VALUES (162, 98, 1, 75.73);
INSERT INTO detalles_pedido (pedido_id, producto_id, cantidad, precio_unitario) VALUES (63, 9, 3, 85.86);
INSERT INTO detalles_pedido (pedido_id, producto_id, cantidad, precio_unitario) VALUES (29, 49, 1, 45.28);
INSERT INTO detalles_pedido (pedido_id, producto_id, cantidad, precio_unitario) VALUES (108, 39, 2, 65.24);
INSERT INTO detalles_pedido (pedido_id, producto_id, cantidad, precio_unitario) VALUES (106, 129, 3, 83.64);
INSERT INTO detalles_pedido (pedido_id, producto_id, cantidad, precio_unitario) VALUES (189, 16, 3, 21.05);
INSERT INTO detalles_pedido (pedido_id, producto_id, cantidad, precio_unitario) VALUES (54, 144, 2, 89.85);
INSERT INTO detalles_pedido (pedido_id, producto_id, cantidad, precio_unitario) VALUES (123, 135, 2, 35.1);
INSERT INTO detalles_pedido (pedido_id, producto_id, cantidad, precio_unitario) VALUES (45, 118, 3, 37.39);
INSERT INTO detalles_pedido (pedido_id, producto_id, cantidad, precio_unitario) VALUES (91, 68, 3, 48.73);
INSERT INTO detalles_pedido (pedido_id, producto_id, cantidad, precio_unitario) VALUES (64, 72, 3, 33.88);
INSERT INTO detalles_pedido (pedido_id, producto_id, cantidad, precio_unitario) VALUES (77, 74, 3, 26.58);
INSERT INTO detalles_pedido (pedido_id, producto_id, cantidad, precio_unitario) VALUES (181, 126, 2, 48.38);
INSERT INTO detalles_pedido (pedido_id, producto_id, cantidad, precio_unitario) VALUES (144, 71, 2, 19.75);
INSERT INTO detalles_pedido (pedido_id, producto_id, cantidad, precio_unitario) VALUES (174, 140, 2, 81.66);
INSERT INTO detalles_pedido (pedido_id, producto_id, cantidad, precio_unitario) VALUES (102, 89, 1, 33.24);
INSERT INTO detalles_pedido (pedido_id, producto_id, cantidad, precio_unitario) VALUES (74, 21, 2, 83.92);
INSERT INTO detalles_pedido (pedido_id, producto_id, cantidad, precio_unitario) VALUES (168, 66, 3, 48.33);
INSERT INTO detalles_pedido (pedido_id, producto_id, cantidad, precio_unitario) VALUES (52, 138, 2, 84.64);
INSERT INTO detalles_pedido (pedido_id, producto_id, cantidad, precio_unitario) VALUES (179, 70, 1, 18.74);
INSERT INTO detalles_pedido (pedido_id, producto_id, cantidad, precio_unitario) VALUES (190, 62, 1, 14.06);
INSERT INTO detalles_pedido (pedido_id, producto_id, cantidad, precio_unitario) VALUES (136, 58, 3, 28.63);
INSERT INTO detalles_pedido (pedido_id, producto_id, cantidad, precio_unitario) VALUES (26, 106, 2, 67.39);
INSERT INTO detalles_pedido (pedido_id, producto_id, cantidad, precio_unitario) VALUES (26, 36, 1, 87.16);
INSERT INTO detalles_pedido (pedido_id, producto_id, cantidad, precio_unitario) VALUES (41, 105, 3, 84.8);
INSERT INTO detalles_pedido (pedido_id, producto_id, cantidad, precio_unitario) VALUES (122, 123, 3, 25.96);
INSERT INTO detalles_pedido (pedido_id, producto_id, cantidad, precio_unitario) VALUES (74, 83, 2, 61.67);
INSERT INTO detalles_pedido (pedido_id, producto_id, cantidad, precio_unitario) VALUES (197, 23, 3, 55.93);
INSERT INTO detalles_pedido (pedido_id, producto_id, cantidad, precio_unitario) VALUES (137, 10, 1, 43.43);
INSERT INTO detalles_pedido (pedido_id, producto_id, cantidad, precio_unitario) VALUES (46, 10, 2, 73.04);
INSERT INTO detalles_pedido (pedido_id, producto_id, cantidad, precio_unitario) VALUES (48, 75, 1, 10.74);
INSERT INTO detalles_pedido (pedido_id, producto_id, cantidad, precio_unitario) VALUES (146, 28, 2, 32.76);
INSERT INTO detalles_pedido (pedido_id, producto_id, cantidad, precio_unitario) VALUES (165, 140, 3, 49.51);
INSERT INTO detalles_pedido (pedido_id, producto_id, cantidad, precio_unitario) VALUES (35, 130, 2, 31.83);
INSERT INTO detalles_pedido (pedido_id, producto_id, cantidad, precio_unitario) VALUES (29, 85, 1, 68.49);
INSERT INTO detalles_pedido (pedido_id, producto_id, cantidad, precio_unitario) VALUES (166, 66, 3, 24.9);
INSERT INTO detalles_pedido (pedido_id, producto_id, cantidad, precio_unitario) VALUES (189, 87, 2, 55.42);
INSERT INTO detalles_pedido (pedido_id, producto_id, cantidad, precio_unitario) VALUES (194, 50, 1, 58.88);
INSERT INTO detalles_pedido (pedido_id, producto_id, cantidad, precio_unitario) VALUES (164, 104, 2, 51.22);
INSERT INTO detalles_pedido (pedido_id, producto_id, cantidad, precio_unitario) VALUES (23, 103, 3, 17.63);
INSERT INTO detalles_pedido (pedido_id, producto_id, cantidad, precio_unitario) VALUES (36, 123, 2, 84.87);
INSERT INTO detalles_pedido (pedido_id, producto_id, cantidad, precio_unitario) VALUES (2, 67, 2, 28.84);
INSERT INTO detalles_pedido (pedido_id, producto_id, cantidad, precio_unitario) VALUES (193, 69, 2, 34.16);
INSERT INTO detalles_pedido (pedido_id, producto_id, cantidad, precio_unitario) VALUES (186, 147, 1, 30.92);
INSERT INTO detalles_pedido (pedido_id, producto_id, cantidad, precio_unitario) VALUES (93, 61, 1, 63.42);
INSERT INTO detalles_pedido (pedido_id, producto_id, cantidad, precio_unitario) VALUES (120, 79, 1, 42.43);
INSERT INTO detalles_pedido (pedido_id, producto_id, cantidad, precio_unitario) VALUES (129, 80, 3, 19.39);
INSERT INTO detalles_pedido (pedido_id, producto_id, cantidad, precio_unitario) VALUES (76, 95, 3, 27.67);
INSERT INTO detalles_pedido (pedido_id, producto_id, cantidad, precio_unitario) VALUES (35, 123, 1, 46.4);
INSERT INTO detalles_pedido (pedido_id, producto_id, cantidad, precio_unitario) VALUES (156, 96, 2, 66.16);
INSERT INTO detalles_pedido (pedido_id, producto_id, cantidad, precio_unitario) VALUES (121, 138, 3, 76.05);
INSERT INTO detalles_pedido (pedido_id, producto_id, cantidad, precio_unitario) VALUES (196, 64, 3, 70.38);
INSERT INTO detalles_pedido (pedido_id, producto_id, cantidad, precio_unitario) VALUES (21, 135, 2, 52.25);
INSERT INTO detalles_pedido (pedido_id, producto_id, cantidad, precio_unitario) VALUES (93, 20, 3, 18.98);
INSERT INTO detalles_pedido (pedido_id, producto_id, cantidad, precio_unitario) VALUES (141, 130, 1, 55.82);
INSERT INTO detalles_pedido (pedido_id, producto_id, cantidad, precio_unitario) VALUES (39, 43, 2, 78.36);
INSERT INTO detalles_pedido (pedido_id, producto_id, cantidad, precio_unitario) VALUES (114, 30, 3, 26.43);
INSERT INTO detalles_pedido (pedido_id, producto_id, cantidad, precio_unitario) VALUES (150, 126, 1, 81.91);
INSERT INTO detalles_pedido (pedido_id, producto_id, cantidad, precio_unitario) VALUES (115, 15, 2, 20.56);
INSERT INTO detalles_pedido (pedido_id, producto_id, cantidad, precio_unitario) VALUES (107, 117, 3, 14.62);
INSERT INTO detalles_pedido (pedido_id, producto_id, cantidad, precio_unitario) VALUES (119, 79, 3, 11.74);
INSERT INTO detalles_pedido (pedido_id, producto_id, cantidad, precio_unitario) VALUES (66, 1, 3, 27.43);
INSERT INTO detalles_pedido (pedido_id, producto_id, cantidad, precio_unitario) VALUES (19, 12, 2, 37.56);
INSERT INTO detalles_pedido (pedido_id, producto_id, cantidad, precio_unitario) VALUES (17, 139, 1, 84.77);
INSERT INTO detalles_pedido (pedido_id, producto_id, cantidad, precio_unitario) VALUES (18, 121, 1, 32.97);
INSERT INTO detalles_pedido (pedido_id, producto_id, cantidad, precio_unitario) VALUES (47, 35, 3, 88.27);
INSERT INTO detalles_pedido (pedido_id, producto_id, cantidad, precio_unitario) VALUES (166, 108, 2, 89.43);
INSERT INTO detalles_pedido (pedido_id, producto_id, cantidad, precio_unitario) VALUES (98, 115, 2, 40.05);
INSERT INTO detalles_pedido (pedido_id, producto_id, cantidad, precio_unitario) VALUES (175, 139, 1, 62.28);
INSERT INTO detalles_pedido (pedido_id, producto_id, cantidad, precio_unitario) VALUES (90, 31, 1, 89.43);
INSERT INTO detalles_pedido (pedido_id, producto_id, cantidad, precio_unitario) VALUES (101, 136, 1, 68.23);
INSERT INTO detalles_pedido (pedido_id, producto_id, cantidad, precio_unitario) VALUES (58, 1, 1, 88.28);
INSERT INTO detalles_pedido (pedido_id, producto_id, cantidad, precio_unitario) VALUES (119, 140, 2, 52.55);
INSERT INTO detalles_pedido (pedido_id, producto_id, cantidad, precio_unitario) VALUES (59, 64, 2, 37.69);
INSERT INTO detalles_pedido (pedido_id, producto_id, cantidad, precio_unitario) VALUES (71, 49, 3, 71.24);
INSERT INTO detalles_pedido (pedido_id, producto_id, cantidad, precio_unitario) VALUES (9, 108, 3, 71.28);
INSERT INTO detalles_pedido (pedido_id, producto_id, cantidad, precio_unitario) VALUES (5, 62, 1, 15.38);
INSERT INTO detalles_pedido (pedido_id, producto_id, cantidad, precio_unitario) VALUES (153, 9, 2, 57.82);
INSERT INTO detalles_pedido (pedido_id, producto_id, cantidad, precio_unitario) VALUES (181, 13, 1, 69.24);
INSERT INTO detalles_pedido (pedido_id, producto_id, cantidad, precio_unitario) VALUES (103, 113, 1, 53.18);
INSERT INTO detalles_pedido (pedido_id, producto_id, cantidad, precio_unitario) VALUES (194, 15, 1, 50.31);
INSERT INTO detalles_pedido (pedido_id, producto_id, cantidad, precio_unitario) VALUES (75, 60, 3, 56.09);
INSERT INTO detalles_pedido (pedido_id, producto_id, cantidad, precio_unitario) VALUES (148, 83, 1, 34.14);
INSERT INTO detalles_pedido (pedido_id, producto_id, cantidad, precio_unitario) VALUES (37, 134, 1, 43.08);
INSERT INTO detalles_pedido (pedido_id, producto_id, cantidad, precio_unitario) VALUES (71, 16, 3, 85.88);
INSERT INTO detalles_pedido (pedido_id, producto_id, cantidad, precio_unitario) VALUES (189, 45, 3, 64.3);
INSERT INTO detalles_pedido (pedido_id, producto_id, cantidad, precio_unitario) VALUES (143, 127, 1, 87.78);
INSERT INTO detalles_pedido (pedido_id, producto_id, cantidad, precio_unitario) VALUES (165, 98, 3, 35.5);
INSERT INTO detalles_pedido (pedido_id, producto_id, cantidad, precio_unitario) VALUES (107, 105, 1, 33.99);
INSERT INTO detalles_pedido (pedido_id, producto_id, cantidad, precio_unitario) VALUES (48, 138, 2, 29.28);
INSERT INTO detalles_pedido (pedido_id, producto_id, cantidad, precio_unitario) VALUES (58, 77, 3, 21.55);
INSERT INTO detalles_pedido (pedido_id, producto_id, cantidad, precio_unitario) VALUES (119, 15, 3, 43.01);
INSERT INTO detalles_pedido (pedido_id, producto_id, cantidad, precio_unitario) VALUES (107, 143, 3, 20.73);
INSERT INTO detalles_pedido (pedido_id, producto_id, cantidad, precio_unitario) VALUES (63, 66, 1, 36.42);
INSERT INTO detalles_pedido (pedido_id, producto_id, cantidad, precio_unitario) VALUES (21, 116, 2, 17.4);
INSERT INTO detalles_pedido (pedido_id, producto_id, cantidad, precio_unitario) VALUES (186, 49, 1, 31.48);
INSERT INTO detalles_pedido (pedido_id, producto_id, cantidad, precio_unitario) VALUES (173, 11, 1, 25.05);
INSERT INTO detalles_pedido (pedido_id, producto_id, cantidad, precio_unitario) VALUES (195, 144, 1, 48.35);
INSERT INTO detalles_pedido (pedido_id, producto_id, cantidad, precio_unitario) VALUES (86, 78, 1, 26.94);
INSERT INTO detalles_pedido (pedido_id, producto_id, cantidad, precio_unitario) VALUES (49, 31, 3, 89.97);
INSERT INTO detalles_pedido (pedido_id, producto_id, cantidad, precio_unitario) VALUES (123, 63, 3, 58.35);
INSERT INTO detalles_pedido (pedido_id, producto_id, cantidad, precio_unitario) VALUES (53, 102, 1, 54.17);
INSERT INTO detalles_pedido (pedido_id, producto_id, cantidad, precio_unitario) VALUES (199, 73, 2, 47.3);
INSERT INTO detalles_pedido (pedido_id, producto_id, cantidad, precio_unitario) VALUES (167, 92, 2, 30.92);
INSERT INTO detalles_pedido (pedido_id, producto_id, cantidad, precio_unitario) VALUES (132, 128, 2, 17.89);
INSERT INTO detalles_pedido (pedido_id, producto_id, cantidad, precio_unitario) VALUES (185, 121, 2, 83.15);
INSERT INTO detalles_pedido (pedido_id, producto_id, cantidad, precio_unitario) VALUES (95, 81, 2, 13.66);
INSERT INTO detalles_pedido (pedido_id, producto_id, cantidad, precio_unitario) VALUES (57, 38, 1, 30.86);
INSERT INTO detalles_pedido (pedido_id, producto_id, cantidad, precio_unitario) VALUES (150, 149, 3, 43.41);
INSERT INTO detalles_pedido (pedido_id, producto_id, cantidad, precio_unitario) VALUES (40, 51, 2, 28.4);
INSERT INTO detalles_pedido (pedido_id, producto_id, cantidad, precio_unitario) VALUES (146, 63, 2, 54.05);
INSERT INTO detalles_pedido (pedido_id, producto_id, cantidad, precio_unitario) VALUES (176, 87, 2, 71.07);
INSERT INTO detalles_pedido (pedido_id, producto_id, cantidad, precio_unitario) VALUES (126, 126, 2, 23.46);
INSERT INTO detalles_pedido (pedido_id, producto_id, cantidad, precio_unitario) VALUES (91, 44, 1, 67.63);
INSERT INTO detalles_pedido (pedido_id, producto_id, cantidad, precio_unitario) VALUES (126, 48, 3, 89.23);
INSERT INTO detalles_pedido (pedido_id, producto_id, cantidad, precio_unitario) VALUES (16, 135, 1, 77.13);
INSERT INTO detalles_pedido (pedido_id, producto_id, cantidad, precio_unitario) VALUES (20, 13, 1, 42.99);
INSERT INTO detalles_pedido (pedido_id, producto_id, cantidad, precio_unitario) VALUES (162, 60, 1, 66.57);
INSERT INTO detalles_pedido (pedido_id, producto_id, cantidad, precio_unitario) VALUES (3, 56, 3, 46.48);
INSERT INTO detalles_pedido (pedido_id, producto_id, cantidad, precio_unitario) VALUES (16, 124, 3, 49.03);
INSERT INTO detalles_pedido (pedido_id, producto_id, cantidad, precio_unitario) VALUES (2, 137, 3, 42.91);
INSERT INTO detalles_pedido (pedido_id, producto_id, cantidad, precio_unitario) VALUES (5, 136, 3, 31.98);
INSERT INTO detalles_pedido (pedido_id, producto_id, cantidad, precio_unitario) VALUES (74, 5, 3, 75.05);
INSERT INTO detalles_pedido (pedido_id, producto_id, cantidad, precio_unitario) VALUES (173, 111, 1, 18.56);
INSERT INTO detalles_pedido (pedido_id, producto_id, cantidad, precio_unitario) VALUES (25, 135, 1, 29.28);
INSERT INTO detalles_pedido (pedido_id, producto_id, cantidad, precio_unitario) VALUES (159, 135, 2, 75.22);
INSERT INTO detalles_pedido (pedido_id, producto_id, cantidad, precio_unitario) VALUES (69, 102, 1, 39.84);
INSERT INTO detalles_pedido (pedido_id, producto_id, cantidad, precio_unitario) VALUES (104, 118, 3, 29.46);
INSERT INTO detalles_pedido (pedido_id, producto_id, cantidad, precio_unitario) VALUES (179, 58, 2, 64.72);
INSERT INTO detalles_pedido (pedido_id, producto_id, cantidad, precio_unitario) VALUES (21, 9, 1, 42.42);
INSERT INTO detalles_pedido (pedido_id, producto_id, cantidad, precio_unitario) VALUES (97, 142, 2, 14.49);
INSERT INTO detalles_pedido (pedido_id, producto_id, cantidad, precio_unitario) VALUES (3, 44, 1, 49.99);
INSERT INTO detalles_pedido (pedido_id, producto_id, cantidad, precio_unitario) VALUES (112, 85, 3, 88.19);
INSERT INTO detalles_pedido (pedido_id, producto_id, cantidad, precio_unitario) VALUES (25, 136, 1, 28.38);
INSERT INTO detalles_pedido (pedido_id, producto_id, cantidad, precio_unitario) VALUES (178, 146, 2, 31.69);
INSERT INTO detalles_pedido (pedido_id, producto_id, cantidad, precio_unitario) VALUES (20, 72, 3, 55.08);
INSERT INTO detalles_pedido (pedido_id, producto_id, cantidad, precio_unitario) VALUES (9, 46, 2, 11.25);
INSERT INTO detalles_pedido (pedido_id, producto_id, cantidad, precio_unitario) VALUES (54, 37, 3, 75.67);
INSERT INTO detalles_pedido (pedido_id, producto_id, cantidad, precio_unitario) VALUES (20, 77, 1, 55.12);
INSERT INTO detalles_pedido (pedido_id, producto_id, cantidad, precio_unitario) VALUES (146, 100, 3, 81.72);
INSERT INTO detalles_pedido (pedido_id, producto_id, cantidad, precio_unitario) VALUES (85, 99, 3, 21.2);
INSERT INTO detalles_pedido (pedido_id, producto_id, cantidad, precio_unitario) VALUES (177, 21, 3, 69.64);
INSERT INTO detalles_pedido (pedido_id, producto_id, cantidad, precio_unitario) VALUES (89, 14, 1, 44.97);
INSERT INTO detalles_pedido (pedido_id, producto_id, cantidad, precio_unitario) VALUES (20, 88, 3, 71.52);
INSERT INTO detalles_pedido (pedido_id, producto_id, cantidad, precio_unitario) VALUES (153, 102, 2, 12.37);
INSERT INTO detalles_pedido (pedido_id, producto_id, cantidad, precio_unitario) VALUES (70, 116, 2, 28.25);
INSERT INTO detalles_pedido (pedido_id, producto_id, cantidad, precio_unitario) VALUES (142, 97, 2, 24.86);
INSERT INTO detalles_pedido (pedido_id, producto_id, cantidad, precio_unitario) VALUES (150, 98, 1, 71.77);
INSERT INTO detalles_pedido (pedido_id, producto_id, cantidad, precio_unitario) VALUES (76, 64, 3, 15.88);
INSERT INTO detalles_pedido (pedido_id, producto_id, cantidad, precio_unitario) VALUES (69, 40, 2, 66.93);
INSERT INTO detalles_pedido (pedido_id, producto_id, cantidad, precio_unitario) VALUES (163, 40, 3, 41.17);
INSERT INTO detalles_pedido (pedido_id, producto_id, cantidad, precio_unitario) VALUES (93, 28, 1, 10.42);
INSERT INTO detalles_pedido (pedido_id, producto_id, cantidad, precio_unitario) VALUES (79, 114, 2, 70.91);
INSERT INTO detalles_pedido (pedido_id, producto_id, cantidad, precio_unitario) VALUES (27, 34, 1, 24.99);
INSERT INTO detalles_pedido (pedido_id, producto_id, cantidad, precio_unitario) VALUES (115, 143, 3, 51.0);
INSERT INTO detalles_pedido (pedido_id, producto_id, cantidad, precio_unitario) VALUES (27, 7, 1, 38.31);
INSERT INTO detalles_pedido (pedido_id, producto_id, cantidad, precio_unitario) VALUES (24, 84, 2, 10.99);
INSERT INTO detalles_pedido (pedido_id, producto_id, cantidad, precio_unitario) VALUES (106, 100, 1, 67.99);
INSERT INTO detalles_pedido (pedido_id, producto_id, cantidad, precio_unitario) VALUES (144, 63, 3, 51.69);
INSERT INTO detalles_pedido (pedido_id, producto_id, cantidad, precio_unitario) VALUES (176, 98, 1, 21.11);
INSERT INTO detalles_pedido (pedido_id, producto_id, cantidad, precio_unitario) VALUES (78, 69, 2, 21.67);
INSERT INTO detalles_pedido (pedido_id, producto_id, cantidad, precio_unitario) VALUES (43, 112, 2, 43.69);
INSERT INTO detalles_pedido (pedido_id, producto_id, cantidad, precio_unitario) VALUES (124, 20, 2, 30.14);
INSERT INTO detalles_pedido (pedido_id, producto_id, cantidad, precio_unitario) VALUES (64, 127, 3, 59.33);
INSERT INTO detalles_pedido (pedido_id, producto_id, cantidad, precio_unitario) VALUES (118, 28, 1, 34.37);
INSERT INTO detalles_pedido (pedido_id, producto_id, cantidad, precio_unitario) VALUES (102, 86, 3, 40.39);
INSERT INTO detalles_pedido (pedido_id, producto_id, cantidad, precio_unitario) VALUES (85, 113, 2, 44.45);
INSERT INTO detalles_pedido (pedido_id, producto_id, cantidad, precio_unitario) VALUES (167, 35, 2, 35.65);
INSERT INTO detalles_pedido (pedido_id, producto_id, cantidad, precio_unitario) VALUES (178, 52, 2, 35.13);
INSERT INTO detalles_pedido (pedido_id, producto_id, cantidad, precio_unitario) VALUES (102, 82, 2, 68.79);
INSERT INTO detalles_pedido (pedido_id, producto_id, cantidad, precio_unitario) VALUES (163, 126, 3, 72.56);
INSERT INTO detalles_pedido (pedido_id, producto_id, cantidad, precio_unitario) VALUES (84, 97, 2, 75.32);
INSERT INTO detalles_pedido (pedido_id, producto_id, cantidad, precio_unitario) VALUES (101, 94, 1, 84.57);
INSERT INTO detalles_pedido (pedido_id, producto_id, cantidad, precio_unitario) VALUES (52, 140, 1, 64.54);
INSERT INTO detalles_pedido (pedido_id, producto_id, cantidad, precio_unitario) VALUES (141, 7, 3, 46.93);
INSERT INTO detalles_pedido (pedido_id, producto_id, cantidad, precio_unitario) VALUES (182, 54, 2, 73.81);
INSERT INTO detalles_pedido (pedido_id, producto_id, cantidad, precio_unitario) VALUES (178, 18, 2, 63.84);
INSERT INTO detalles_pedido (pedido_id, producto_id, cantidad, precio_unitario) VALUES (36, 78, 1, 30.21);
INSERT INTO detalles_pedido (pedido_id, producto_id, cantidad, precio_unitario) VALUES (40, 109, 2, 15.92);
INSERT INTO detalles_pedido (pedido_id, producto_id, cantidad, precio_unitario) VALUES (154, 123, 3, 42.06);
INSERT INTO detalles_pedido (pedido_id, producto_id, cantidad, precio_unitario) VALUES (130, 108, 3, 12.94);
INSERT INTO detalles_pedido (pedido_id, producto_id, cantidad, precio_unitario) VALUES (93, 138, 3, 61.05);
INSERT INTO detalles_pedido (pedido_id, producto_id, cantidad, precio_unitario) VALUES (22, 28, 1, 62.61);
INSERT INTO detalles_pedido (pedido_id, producto_id, cantidad, precio_unitario) VALUES (91, 43, 3, 59.01);
INSERT INTO detalles_pedido (pedido_id, producto_id, cantidad, precio_unitario) VALUES (145, 103, 2, 87.26);
INSERT INTO detalles_pedido (pedido_id, producto_id, cantidad, precio_unitario) VALUES (111, 28, 1, 17.89);
INSERT INTO detalles_pedido (pedido_id, producto_id, cantidad, precio_unitario) VALUES (57, 131, 3, 51.5);
INSERT INTO detalles_pedido (pedido_id, producto_id, cantidad, precio_unitario) VALUES (149, 148, 1, 45.66);
INSERT INTO detalles_pedido (pedido_id, producto_id, cantidad, precio_unitario) VALUES (101, 119, 3, 57.09);
INSERT INTO detalles_pedido (pedido_id, producto_id, cantidad, precio_unitario) VALUES (129, 39, 2, 89.82);
INSERT INTO detalles_pedido (pedido_id, producto_id, cantidad, precio_unitario) VALUES (124, 27, 2, 43.28);
INSERT INTO detalles_pedido (pedido_id, producto_id, cantidad, precio_unitario) VALUES (22, 30, 3, 21.33);
INSERT INTO detalles_pedido (pedido_id, producto_id, cantidad, precio_unitario) VALUES (80, 88, 2, 72.74);
INSERT INTO detalles_pedido (pedido_id, producto_id, cantidad, precio_unitario) VALUES (134, 124, 2, 48.09);
INSERT INTO detalles_pedido (pedido_id, producto_id, cantidad, precio_unitario) VALUES (113, 116, 2, 15.37);
INSERT INTO detalles_pedido (pedido_id, producto_id, cantidad, precio_unitario) VALUES (12, 30, 1, 77.93);
INSERT INTO detalles_pedido (pedido_id, producto_id, cantidad, precio_unitario) VALUES (166, 28, 3, 74.0);
INSERT INTO detalles_pedido (pedido_id, producto_id, cantidad, precio_unitario) VALUES (190, 63, 3, 23.96);
INSERT INTO detalles_pedido (pedido_id, producto_id, cantidad, precio_unitario) VALUES (41, 85, 3, 44.11);
INSERT INTO detalles_pedido (pedido_id, producto_id, cantidad, precio_unitario) VALUES (119, 60, 2, 60.38);
INSERT INTO detalles_pedido (pedido_id, producto_id, cantidad, precio_unitario) VALUES (48, 111, 2, 12.34);
INSERT INTO detalles_pedido (pedido_id, producto_id, cantidad, precio_unitario) VALUES (158, 51, 2, 57.38);
INSERT INTO detalles_pedido (pedido_id, producto_id, cantidad, precio_unitario) VALUES (100, 2, 3, 27.18);
INSERT INTO detalles_pedido (pedido_id, producto_id, cantidad, precio_unitario) VALUES (72, 17, 3, 18.14);
INSERT INTO detalles_pedido (pedido_id, producto_id, cantidad, precio_unitario) VALUES (138, 48, 2, 36.08);
INSERT INTO detalles_pedido (pedido_id, producto_id, cantidad, precio_unitario) VALUES (118, 30, 2, 63.66);
INSERT INTO detalles_pedido (pedido_id, producto_id, cantidad, precio_unitario) VALUES (126, 136, 3, 35.07);
INSERT INTO detalles_pedido (pedido_id, producto_id, cantidad, precio_unitario) VALUES (100, 101, 3, 19.14);
INSERT INTO detalles_pedido (pedido_id, producto_id, cantidad, precio_unitario) VALUES (91, 118, 3, 23.8);
INSERT INTO detalles_pedido (pedido_id, producto_id, cantidad, precio_unitario) VALUES (173, 77, 3, 57.21);
INSERT INTO detalles_pedido (pedido_id, producto_id, cantidad, precio_unitario) VALUES (173, 35, 2, 19.43);
INSERT INTO detalles_pedido (pedido_id, producto_id, cantidad, precio_unitario) VALUES (79, 30, 1, 39.86);
INSERT INTO detalles_pedido (pedido_id, producto_id, cantidad, precio_unitario) VALUES (37, 131, 2, 43.46);
INSERT INTO detalles_pedido (pedido_id, producto_id, cantidad, precio_unitario) VALUES (36, 148, 2, 43.84);
INSERT INTO detalles_pedido (pedido_id, producto_id, cantidad, precio_unitario) VALUES (125, 138, 3, 83.53);
INSERT INTO detalles_pedido (pedido_id, producto_id, cantidad, precio_unitario) VALUES (45, 143, 1, 49.17);
INSERT INTO detalles_pedido (pedido_id, producto_id, cantidad, precio_unitario) VALUES (36, 48, 2, 77.36);
INSERT INTO detalles_pedido (pedido_id, producto_id, cantidad, precio_unitario) VALUES (159, 14, 2, 86.15);
INSERT INTO detalles_pedido (pedido_id, producto_id, cantidad, precio_unitario) VALUES (125, 35, 1, 75.22);
INSERT INTO detalles_pedido (pedido_id, producto_id, cantidad, precio_unitario) VALUES (144, 130, 3, 49.6);
INSERT INTO detalles_pedido (pedido_id, producto_id, cantidad, precio_unitario) VALUES (176, 126, 2, 66.81);
INSERT INTO detalles_pedido (pedido_id, producto_id, cantidad, precio_unitario) VALUES (114, 126, 1, 16.61);
INSERT INTO detalles_pedido (pedido_id, producto_id, cantidad, precio_unitario) VALUES (8, 57, 2, 12.62);
INSERT INTO detalles_pedido (pedido_id, producto_id, cantidad, precio_unitario) VALUES (58, 138, 2, 23.46);
INSERT INTO detalles_pedido (pedido_id, producto_id, cantidad, precio_unitario) VALUES (118, 145, 3, 71.8);
INSERT INTO detalles_pedido (pedido_id, producto_id, cantidad, precio_unitario) VALUES (127, 141, 3, 19.06);
INSERT INTO detalles_pedido (pedido_id, producto_id, cantidad, precio_unitario) VALUES (30, 69, 3, 75.86);
INSERT INTO detalles_pedido (pedido_id, producto_id, cantidad, precio_unitario) VALUES (94, 139, 1, 70.8);
INSERT INTO detalles_pedido (pedido_id, producto_id, cantidad, precio_unitario) VALUES (113, 140, 1, 89.18);
INSERT INTO detalles_pedido (pedido_id, producto_id, cantidad, precio_unitario) VALUES (27, 64, 2, 79.98);
INSERT INTO detalles_pedido (pedido_id, producto_id, cantidad, precio_unitario) VALUES (9, 116, 2, 37.89);
INSERT INTO detalles_pedido (pedido_id, producto_id, cantidad, precio_unitario) VALUES (23, 113, 1, 72.05);
INSERT INTO detalles_pedido (pedido_id, producto_id, cantidad, precio_unitario) VALUES (61, 54, 3, 57.03);
INSERT INTO detalles_pedido (pedido_id, producto_id, cantidad, precio_unitario) VALUES (90, 110, 1, 59.29);
INSERT INTO detalles_pedido (pedido_id, producto_id, cantidad, precio_unitario) VALUES (53, 53, 1, 55.61);
INSERT INTO detalles_pedido (pedido_id, producto_id, cantidad, precio_unitario) VALUES (137, 72, 3, 53.1);
INSERT INTO envios (pedido_id, direccion_id, transportista, estado) VALUES (1, 166, 'Transportista1', 'en camino');
INSERT INTO envios (pedido_id, direccion_id, transportista, estado) VALUES (2, 150, 'Transportista2', 'en camino');
INSERT INTO envios (pedido_id, direccion_id, transportista, estado) VALUES (3, 149, 'Transportista3', 'en camino');
INSERT INTO envios (pedido_id, direccion_id, transportista, estado) VALUES (4, 294, 'Transportista4', 'en camino');
INSERT INTO envios (pedido_id, direccion_id, transportista, estado) VALUES (5, 137, 'Transportista5', 'en camino');
INSERT INTO envios (pedido_id, direccion_id, transportista, estado) VALUES (6, 264, 'Transportista6', 'en camino');
INSERT INTO envios (pedido_id, direccion_id, transportista, estado) VALUES (7, 49, 'Transportista7', 'en camino');
INSERT INTO envios (pedido_id, direccion_id, transportista, estado) VALUES (8, 70, 'Transportista8', 'en camino');
INSERT INTO envios (pedido_id, direccion_id, transportista, estado) VALUES (9, 211, 'Transportista9', 'en camino');
INSERT INTO envios (pedido_id, direccion_id, transportista, estado) VALUES (10, 31, 'Transportista10', 'en camino');
INSERT INTO envios (pedido_id, direccion_id, transportista, estado) VALUES (11, 142, 'Transportista11', 'en camino');
INSERT INTO envios (pedido_id, direccion_id, transportista, estado) VALUES (12, 65, 'Transportista12', 'en camino');
INSERT INTO envios (pedido_id, direccion_id, transportista, estado) VALUES (13, 68, 'Transportista13', 'en camino');
INSERT INTO envios (pedido_id, direccion_id, transportista, estado) VALUES (14, 128, 'Transportista14', 'en camino');
INSERT INTO envios (pedido_id, direccion_id, transportista, estado) VALUES (15, 75, 'Transportista15', 'en camino');
INSERT INTO envios (pedido_id, direccion_id, transportista, estado) VALUES (16, 165, 'Transportista16', 'en camino');
INSERT INTO envios (pedido_id, direccion_id, transportista, estado) VALUES (17, 127, 'Transportista17', 'en camino');
INSERT INTO envios (pedido_id, direccion_id, transportista, estado) VALUES (18, 202, 'Transportista18', 'en camino');
INSERT INTO envios (pedido_id, direccion_id, transportista, estado) VALUES (19, 251, 'Transportista19', 'en camino');
INSERT INTO envios (pedido_id, direccion_id, transportista, estado) VALUES (20, 73, 'Transportista20', 'en camino');
INSERT INTO envios (pedido_id, direccion_id, transportista, estado) VALUES (21, 296, 'Transportista21', 'en camino');
INSERT INTO envios (pedido_id, direccion_id, transportista, estado) VALUES (22, 138, 'Transportista22', 'en camino');
INSERT INTO envios (pedido_id, direccion_id, transportista, estado) VALUES (23, 213, 'Transportista23', 'en camino');
INSERT INTO envios (pedido_id, direccion_id, transportista, estado) VALUES (24, 193, 'Transportista24', 'en camino');
INSERT INTO envios (pedido_id, direccion_id, transportista, estado) VALUES (25, 232, 'Transportista25', 'en camino');
INSERT INTO envios (pedido_id, direccion_id, transportista, estado) VALUES (26, 39, 'Transportista26', 'en camino');
INSERT INTO envios (pedido_id, direccion_id, transportista, estado) VALUES (27, 48, 'Transportista27', 'en camino');
INSERT INTO envios (pedido_id, direccion_id, transportista, estado) VALUES (28, 207, 'Transportista28', 'en camino');
INSERT INTO envios (pedido_id, direccion_id, transportista, estado) VALUES (29, 264, 'Transportista29', 'en camino');
INSERT INTO envios (pedido_id, direccion_id, transportista, estado) VALUES (30, 143, 'Transportista30', 'en camino');
INSERT INTO envios (pedido_id, direccion_id, transportista, estado) VALUES (31, 189, 'Transportista31', 'en camino');
INSERT INTO envios (pedido_id, direccion_id, transportista, estado) VALUES (32, 233, 'Transportista32', 'en camino');
INSERT INTO envios (pedido_id, direccion_id, transportista, estado) VALUES (33, 250, 'Transportista33', 'en camino');
INSERT INTO envios (pedido_id, direccion_id, transportista, estado) VALUES (34, 168, 'Transportista34', 'en camino');
INSERT INTO envios (pedido_id, direccion_id, transportista, estado) VALUES (35, 298, 'Transportista35', 'en camino');
INSERT INTO envios (pedido_id, direccion_id, transportista, estado) VALUES (36, 2, 'Transportista36', 'en camino');
INSERT INTO envios (pedido_id, direccion_id, transportista, estado) VALUES (37, 48, 'Transportista37', 'en camino');
INSERT INTO envios (pedido_id, direccion_id, transportista, estado) VALUES (38, 235, 'Transportista38', 'en camino');
INSERT INTO envios (pedido_id, direccion_id, transportista, estado) VALUES (39, 184, 'Transportista39', 'en camino');
INSERT INTO envios (pedido_id, direccion_id, transportista, estado) VALUES (40, 33, 'Transportista40', 'en camino');
INSERT INTO envios (pedido_id, direccion_id, transportista, estado) VALUES (41, 274, 'Transportista41', 'en camino');
INSERT INTO envios (pedido_id, direccion_id, transportista, estado) VALUES (42, 204, 'Transportista42', 'en camino');
INSERT INTO envios (pedido_id, direccion_id, transportista, estado) VALUES (43, 112, 'Transportista43', 'en camino');
INSERT INTO envios (pedido_id, direccion_id, transportista, estado) VALUES (44, 220, 'Transportista44', 'en camino');
INSERT INTO envios (pedido_id, direccion_id, transportista, estado) VALUES (45, 109, 'Transportista45', 'en camino');
INSERT INTO envios (pedido_id, direccion_id, transportista, estado) VALUES (46, 254, 'Transportista46', 'en camino');
INSERT INTO envios (pedido_id, direccion_id, transportista, estado) VALUES (47, 138, 'Transportista47', 'en camino');
INSERT INTO envios (pedido_id, direccion_id, transportista, estado) VALUES (48, 166, 'Transportista48', 'en camino');
INSERT INTO envios (pedido_id, direccion_id, transportista, estado) VALUES (49, 146, 'Transportista49', 'en camino');
INSERT INTO envios (pedido_id, direccion_id, transportista, estado) VALUES (50, 173, 'Transportista50', 'en camino');
INSERT INTO envios (pedido_id, direccion_id, transportista, estado) VALUES (51, 281, 'Transportista51', 'en camino');
INSERT INTO envios (pedido_id, direccion_id, transportista, estado) VALUES (52, 296, 'Transportista52', 'en camino');
INSERT INTO envios (pedido_id, direccion_id, transportista, estado) VALUES (53, 67, 'Transportista53', 'en camino');
INSERT INTO envios (pedido_id, direccion_id, transportista, estado) VALUES (54, 290, 'Transportista54', 'en camino');
INSERT INTO envios (pedido_id, direccion_id, transportista, estado) VALUES (55, 249, 'Transportista55', 'en camino');
INSERT INTO envios (pedido_id, direccion_id, transportista, estado) VALUES (56, 176, 'Transportista56', 'en camino');
INSERT INTO envios (pedido_id, direccion_id, transportista, estado) VALUES (57, 25, 'Transportista57', 'en camino');
INSERT INTO envios (pedido_id, direccion_id, transportista, estado) VALUES (58, 24, 'Transportista58', 'en camino');
INSERT INTO envios (pedido_id, direccion_id, transportista, estado) VALUES (59, 51, 'Transportista59', 'en camino');
INSERT INTO envios (pedido_id, direccion_id, transportista, estado) VALUES (60, 236, 'Transportista60', 'en camino');
INSERT INTO envios (pedido_id, direccion_id, transportista, estado) VALUES (61, 9, 'Transportista61', 'en camino');
INSERT INTO envios (pedido_id, direccion_id, transportista, estado) VALUES (62, 64, 'Transportista62', 'en camino');
INSERT INTO envios (pedido_id, direccion_id, transportista, estado) VALUES (63, 81, 'Transportista63', 'en camino');
INSERT INTO envios (pedido_id, direccion_id, transportista, estado) VALUES (64, 226, 'Transportista64', 'en camino');
INSERT INTO envios (pedido_id, direccion_id, transportista, estado) VALUES (65, 234, 'Transportista65', 'en camino');
INSERT INTO envios (pedido_id, direccion_id, transportista, estado) VALUES (66, 1, 'Transportista66', 'en camino');
INSERT INTO envios (pedido_id, direccion_id, transportista, estado) VALUES (67, 220, 'Transportista67', 'en camino');
INSERT INTO envios (pedido_id, direccion_id, transportista, estado) VALUES (68, 104, 'Transportista68', 'en camino');
INSERT INTO envios (pedido_id, direccion_id, transportista, estado) VALUES (69, 68, 'Transportista69', 'en camino');
INSERT INTO envios (pedido_id, direccion_id, transportista, estado) VALUES (70, 155, 'Transportista70', 'en camino');
INSERT INTO envios (pedido_id, direccion_id, transportista, estado) VALUES (71, 82, 'Transportista71', 'en camino');
INSERT INTO envios (pedido_id, direccion_id, transportista, estado) VALUES (72, 141, 'Transportista72', 'en camino');
INSERT INTO envios (pedido_id, direccion_id, transportista, estado) VALUES (73, 48, 'Transportista73', 'en camino');
INSERT INTO envios (pedido_id, direccion_id, transportista, estado) VALUES (74, 185, 'Transportista74', 'en camino');
INSERT INTO envios (pedido_id, direccion_id, transportista, estado) VALUES (75, 129, 'Transportista75', 'en camino');
INSERT INTO envios (pedido_id, direccion_id, transportista, estado) VALUES (76, 43, 'Transportista76', 'en camino');
INSERT INTO envios (pedido_id, direccion_id, transportista, estado) VALUES (77, 191, 'Transportista77', 'en camino');
INSERT INTO envios (pedido_id, direccion_id, transportista, estado) VALUES (78, 85, 'Transportista78', 'en camino');
INSERT INTO envios (pedido_id, direccion_id, transportista, estado) VALUES (79, 27, 'Transportista79', 'en camino');
INSERT INTO envios (pedido_id, direccion_id, transportista, estado) VALUES (80, 203, 'Transportista80', 'en camino');
INSERT INTO envios (pedido_id, direccion_id, transportista, estado) VALUES (81, 157, 'Transportista81', 'en camino');
INSERT INTO envios (pedido_id, direccion_id, transportista, estado) VALUES (82, 120, 'Transportista82', 'en camino');
INSERT INTO envios (pedido_id, direccion_id, transportista, estado) VALUES (83, 220, 'Transportista83', 'en camino');
INSERT INTO envios (pedido_id, direccion_id, transportista, estado) VALUES (84, 47, 'Transportista84', 'en camino');
INSERT INTO envios (pedido_id, direccion_id, transportista, estado) VALUES (85, 49, 'Transportista85', 'en camino');
INSERT INTO envios (pedido_id, direccion_id, transportista, estado) VALUES (86, 1, 'Transportista86', 'en camino');
INSERT INTO envios (pedido_id, direccion_id, transportista, estado) VALUES (87, 110, 'Transportista87', 'en camino');
INSERT INTO envios (pedido_id, direccion_id, transportista, estado) VALUES (88, 245, 'Transportista88', 'en camino');
INSERT INTO envios (pedido_id, direccion_id, transportista, estado) VALUES (89, 40, 'Transportista89', 'en camino');
INSERT INTO envios (pedido_id, direccion_id, transportista, estado) VALUES (90, 68, 'Transportista90', 'en camino');
INSERT INTO envios (pedido_id, direccion_id, transportista, estado) VALUES (91, 116, 'Transportista91', 'en camino');
INSERT INTO envios (pedido_id, direccion_id, transportista, estado) VALUES (92, 266, 'Transportista92', 'en camino');
INSERT INTO envios (pedido_id, direccion_id, transportista, estado) VALUES (93, 228, 'Transportista93', 'en camino');
INSERT INTO envios (pedido_id, direccion_id, transportista, estado) VALUES (94, 5, 'Transportista94', 'en camino');
INSERT INTO envios (pedido_id, direccion_id, transportista, estado) VALUES (95, 5, 'Transportista95', 'en camino');
INSERT INTO envios (pedido_id, direccion_id, transportista, estado) VALUES (96, 176, 'Transportista96', 'en camino');
INSERT INTO envios (pedido_id, direccion_id, transportista, estado) VALUES (97, 62, 'Transportista97', 'en camino');
INSERT INTO envios (pedido_id, direccion_id, transportista, estado) VALUES (98, 217, 'Transportista98', 'en camino');
INSERT INTO envios (pedido_id, direccion_id, transportista, estado) VALUES (99, 68, 'Transportista99', 'en camino');
INSERT INTO envios (pedido_id, direccion_id, transportista, estado) VALUES (100, 245, 'Transportista100', 'en camino');
INSERT INTO envios (pedido_id, direccion_id, transportista, estado) VALUES (101, 37, 'Transportista101', 'en camino');
INSERT INTO envios (pedido_id, direccion_id, transportista, estado) VALUES (102, 118, 'Transportista102', 'en camino');
INSERT INTO envios (pedido_id, direccion_id, transportista, estado) VALUES (103, 197, 'Transportista103', 'en camino');
INSERT INTO envios (pedido_id, direccion_id, transportista, estado) VALUES (104, 46, 'Transportista104', 'en camino');
INSERT INTO envios (pedido_id, direccion_id, transportista, estado) VALUES (105, 53, 'Transportista105', 'en camino');
INSERT INTO envios (pedido_id, direccion_id, transportista, estado) VALUES (106, 53, 'Transportista106', 'en camino');
INSERT INTO envios (pedido_id, direccion_id, transportista, estado) VALUES (107, 161, 'Transportista107', 'en camino');
INSERT INTO envios (pedido_id, direccion_id, transportista, estado) VALUES (108, 189, 'Transportista108', 'en camino');
INSERT INTO envios (pedido_id, direccion_id, transportista, estado) VALUES (109, 154, 'Transportista109', 'en camino');
INSERT INTO envios (pedido_id, direccion_id, transportista, estado) VALUES (110, 71, 'Transportista110', 'en camino');
INSERT INTO envios (pedido_id, direccion_id, transportista, estado) VALUES (111, 196, 'Transportista111', 'en camino');
INSERT INTO envios (pedido_id, direccion_id, transportista, estado) VALUES (112, 69, 'Transportista112', 'en camino');
INSERT INTO envios (pedido_id, direccion_id, transportista, estado) VALUES (113, 74, 'Transportista113', 'en camino');
INSERT INTO envios (pedido_id, direccion_id, transportista, estado) VALUES (114, 36, 'Transportista114', 'en camino');
INSERT INTO envios (pedido_id, direccion_id, transportista, estado) VALUES (115, 272, 'Transportista115', 'en camino');
INSERT INTO envios (pedido_id, direccion_id, transportista, estado) VALUES (116, 289, 'Transportista116', 'en camino');
INSERT INTO envios (pedido_id, direccion_id, transportista, estado) VALUES (117, 5, 'Transportista117', 'en camino');
INSERT INTO envios (pedido_id, direccion_id, transportista, estado) VALUES (118, 85, 'Transportista118', 'en camino');
INSERT INTO envios (pedido_id, direccion_id, transportista, estado) VALUES (119, 226, 'Transportista119', 'en camino');
INSERT INTO envios (pedido_id, direccion_id, transportista, estado) VALUES (120, 180, 'Transportista120', 'en camino');
INSERT INTO envios (pedido_id, direccion_id, transportista, estado) VALUES (121, 110, 'Transportista121', 'en camino');
INSERT INTO envios (pedido_id, direccion_id, transportista, estado) VALUES (122, 78, 'Transportista122', 'en camino');
INSERT INTO envios (pedido_id, direccion_id, transportista, estado) VALUES (123, 211, 'Transportista123', 'en camino');
INSERT INTO envios (pedido_id, direccion_id, transportista, estado) VALUES (124, 227, 'Transportista124', 'en camino');
INSERT INTO envios (pedido_id, direccion_id, transportista, estado) VALUES (125, 112, 'Transportista125', 'en camino');
INSERT INTO envios (pedido_id, direccion_id, transportista, estado) VALUES (126, 45, 'Transportista126', 'en camino');
INSERT INTO envios (pedido_id, direccion_id, transportista, estado) VALUES (127, 52, 'Transportista127', 'en camino');
INSERT INTO envios (pedido_id, direccion_id, transportista, estado) VALUES (128, 72, 'Transportista128', 'en camino');
INSERT INTO envios (pedido_id, direccion_id, transportista, estado) VALUES (129, 64, 'Transportista129', 'en camino');
INSERT INTO envios (pedido_id, direccion_id, transportista, estado) VALUES (130, 197, 'Transportista130', 'en camino');
INSERT INTO envios (pedido_id, direccion_id, transportista, estado) VALUES (131, 180, 'Transportista131', 'en camino');
INSERT INTO envios (pedido_id, direccion_id, transportista, estado) VALUES (132, 220, 'Transportista132', 'en camino');
INSERT INTO envios (pedido_id, direccion_id, transportista, estado) VALUES (133, 162, 'Transportista133', 'en camino');
INSERT INTO envios (pedido_id, direccion_id, transportista, estado) VALUES (134, 72, 'Transportista134', 'en camino');
INSERT INTO envios (pedido_id, direccion_id, transportista, estado) VALUES (135, 127, 'Transportista135', 'en camino');
INSERT INTO envios (pedido_id, direccion_id, transportista, estado) VALUES (136, 142, 'Transportista136', 'en camino');
INSERT INTO envios (pedido_id, direccion_id, transportista, estado) VALUES (137, 44, 'Transportista137', 'en camino');
INSERT INTO envios (pedido_id, direccion_id, transportista, estado) VALUES (138, 128, 'Transportista138', 'en camino');
INSERT INTO envios (pedido_id, direccion_id, transportista, estado) VALUES (139, 284, 'Transportista139', 'en camino');
INSERT INTO envios (pedido_id, direccion_id, transportista, estado) VALUES (140, 146, 'Transportista140', 'en camino');
INSERT INTO envios (pedido_id, direccion_id, transportista, estado) VALUES (141, 14, 'Transportista141', 'en camino');
INSERT INTO envios (pedido_id, direccion_id, transportista, estado) VALUES (142, 155, 'Transportista142', 'en camino');
INSERT INTO envios (pedido_id, direccion_id, transportista, estado) VALUES (143, 106, 'Transportista143', 'en camino');
INSERT INTO envios (pedido_id, direccion_id, transportista, estado) VALUES (144, 266, 'Transportista144', 'en camino');
INSERT INTO envios (pedido_id, direccion_id, transportista, estado) VALUES (145, 261, 'Transportista145', 'en camino');
INSERT INTO envios (pedido_id, direccion_id, transportista, estado) VALUES (146, 97, 'Transportista146', 'en camino');
INSERT INTO envios (pedido_id, direccion_id, transportista, estado) VALUES (147, 201, 'Transportista147', 'en camino');
INSERT INTO envios (pedido_id, direccion_id, transportista, estado) VALUES (148, 152, 'Transportista148', 'en camino');
INSERT INTO envios (pedido_id, direccion_id, transportista, estado) VALUES (149, 28, 'Transportista149', 'en camino');
INSERT INTO envios (pedido_id, direccion_id, transportista, estado) VALUES (150, 123, 'Transportista150', 'en camino');
INSERT INTO envios (pedido_id, direccion_id, transportista, estado) VALUES (151, 254, 'Transportista151', 'en camino');
INSERT INTO envios (pedido_id, direccion_id, transportista, estado) VALUES (152, 198, 'Transportista152', 'en camino');
INSERT INTO envios (pedido_id, direccion_id, transportista, estado) VALUES (153, 58, 'Transportista153', 'en camino');
INSERT INTO envios (pedido_id, direccion_id, transportista, estado) VALUES (154, 124, 'Transportista154', 'en camino');
INSERT INTO envios (pedido_id, direccion_id, transportista, estado) VALUES (155, 256, 'Transportista155', 'en camino');
INSERT INTO envios (pedido_id, direccion_id, transportista, estado) VALUES (156, 37, 'Transportista156', 'en camino');
INSERT INTO envios (pedido_id, direccion_id, transportista, estado) VALUES (157, 271, 'Transportista157', 'en camino');
INSERT INTO envios (pedido_id, direccion_id, transportista, estado) VALUES (158, 7, 'Transportista158', 'en camino');
INSERT INTO envios (pedido_id, direccion_id, transportista, estado) VALUES (159, 185, 'Transportista159', 'en camino');
INSERT INTO envios (pedido_id, direccion_id, transportista, estado) VALUES (160, 163, 'Transportista160', 'en camino');
INSERT INTO envios (pedido_id, direccion_id, transportista, estado) VALUES (161, 68, 'Transportista161', 'en camino');
INSERT INTO envios (pedido_id, direccion_id, transportista, estado) VALUES (162, 199, 'Transportista162', 'en camino');
INSERT INTO envios (pedido_id, direccion_id, transportista, estado) VALUES (163, 292, 'Transportista163', 'en camino');
INSERT INTO envios (pedido_id, direccion_id, transportista, estado) VALUES (164, 216, 'Transportista164', 'en camino');
INSERT INTO envios (pedido_id, direccion_id, transportista, estado) VALUES (165, 188, 'Transportista165', 'en camino');
INSERT INTO envios (pedido_id, direccion_id, transportista, estado) VALUES (166, 280, 'Transportista166', 'en camino');
INSERT INTO envios (pedido_id, direccion_id, transportista, estado) VALUES (167, 89, 'Transportista167', 'en camino');
INSERT INTO envios (pedido_id, direccion_id, transportista, estado) VALUES (168, 242, 'Transportista168', 'en camino');
INSERT INTO envios (pedido_id, direccion_id, transportista, estado) VALUES (169, 38, 'Transportista169', 'en camino');
INSERT INTO envios (pedido_id, direccion_id, transportista, estado) VALUES (170, 9, 'Transportista170', 'en camino');
INSERT INTO envios (pedido_id, direccion_id, transportista, estado) VALUES (171, 35, 'Transportista171', 'en camino');
INSERT INTO envios (pedido_id, direccion_id, transportista, estado) VALUES (172, 8, 'Transportista172', 'en camino');
INSERT INTO envios (pedido_id, direccion_id, transportista, estado) VALUES (173, 135, 'Transportista173', 'en camino');
INSERT INTO envios (pedido_id, direccion_id, transportista, estado) VALUES (174, 111, 'Transportista174', 'en camino');
INSERT INTO envios (pedido_id, direccion_id, transportista, estado) VALUES (175, 21, 'Transportista175', 'en camino');
INSERT INTO envios (pedido_id, direccion_id, transportista, estado) VALUES (176, 31, 'Transportista176', 'en camino');
INSERT INTO envios (pedido_id, direccion_id, transportista, estado) VALUES (177, 204, 'Transportista177', 'en camino');
INSERT INTO envios (pedido_id, direccion_id, transportista, estado) VALUES (178, 260, 'Transportista178', 'en camino');
INSERT INTO envios (pedido_id, direccion_id, transportista, estado) VALUES (179, 147, 'Transportista179', 'en camino');
INSERT INTO envios (pedido_id, direccion_id, transportista, estado) VALUES (180, 257, 'Transportista180', 'en camino');
INSERT INTO envios (pedido_id, direccion_id, transportista, estado) VALUES (181, 213, 'Transportista181', 'en camino');
INSERT INTO envios (pedido_id, direccion_id, transportista, estado) VALUES (182, 217, 'Transportista182', 'en camino');
INSERT INTO envios (pedido_id, direccion_id, transportista, estado) VALUES (183, 206, 'Transportista183', 'en camino');
INSERT INTO envios (pedido_id, direccion_id, transportista, estado) VALUES (184, 43, 'Transportista184', 'en camino');
INSERT INTO envios (pedido_id, direccion_id, transportista, estado) VALUES (185, 275, 'Transportista185', 'en camino');
INSERT INTO envios (pedido_id, direccion_id, transportista, estado) VALUES (186, 276, 'Transportista186', 'en camino');
INSERT INTO envios (pedido_id, direccion_id, transportista, estado) VALUES (187, 79, 'Transportista187', 'en camino');
INSERT INTO envios (pedido_id, direccion_id, transportista, estado) VALUES (188, 143, 'Transportista188', 'en camino');
INSERT INTO envios (pedido_id, direccion_id, transportista, estado) VALUES (189, 43, 'Transportista189', 'en camino');
INSERT INTO envios (pedido_id, direccion_id, transportista, estado) VALUES (190, 159, 'Transportista190', 'en camino');
INSERT INTO envios (pedido_id, direccion_id, transportista, estado) VALUES (191, 41, 'Transportista191', 'en camino');
INSERT INTO envios (pedido_id, direccion_id, transportista, estado) VALUES (192, 262, 'Transportista192', 'en camino');
INSERT INTO envios (pedido_id, direccion_id, transportista, estado) VALUES (193, 105, 'Transportista193', 'en camino');
INSERT INTO envios (pedido_id, direccion_id, transportista, estado) VALUES (194, 80, 'Transportista194', 'en camino');
INSERT INTO envios (pedido_id, direccion_id, transportista, estado) VALUES (195, 275, 'Transportista195', 'en camino');
INSERT INTO envios (pedido_id, direccion_id, transportista, estado) VALUES (196, 168, 'Transportista196', 'en camino');
INSERT INTO envios (pedido_id, direccion_id, transportista, estado) VALUES (197, 201, 'Transportista197', 'en camino');
INSERT INTO envios (pedido_id, direccion_id, transportista, estado) VALUES (198, 34, 'Transportista198', 'en camino');
INSERT INTO envios (pedido_id, direccion_id, transportista, estado) VALUES (199, 159, 'Transportista199', 'en camino');
INSERT INTO envios (pedido_id, direccion_id, transportista, estado) VALUES (200, 224, 'Transportista200', 'en camino');
INSERT INTO pagos (pedido_id, metodo_pago_id, estado, fecha) VALUES (1, 2, 'completado', '2024-12-08');
INSERT INTO pagos (pedido_id, metodo_pago_id, estado, fecha) VALUES (2, 1, 'completado', '2025-04-27');
INSERT INTO pagos (pedido_id, metodo_pago_id, estado, fecha) VALUES (3, 2, 'completado', '2025-01-22');
INSERT INTO pagos (pedido_id, metodo_pago_id, estado, fecha) VALUES (4, 1, 'completado', '2025-05-10');
INSERT INTO pagos (pedido_id, metodo_pago_id, estado, fecha) VALUES (5, 4, 'completado', '2024-08-06');
INSERT INTO pagos (pedido_id, metodo_pago_id, estado, fecha) VALUES (6, 1, 'completado', '2024-06-17');
INSERT INTO pagos (pedido_id, metodo_pago_id, estado, fecha) VALUES (7, 4, 'completado', '2024-08-02');
INSERT INTO pagos (pedido_id, metodo_pago_id, estado, fecha) VALUES (8, 1, 'completado', '2024-10-25');
INSERT INTO pagos (pedido_id, metodo_pago_id, estado, fecha) VALUES (9, 3, 'completado', '2024-07-30');
INSERT INTO pagos (pedido_id, metodo_pago_id, estado, fecha) VALUES (10, 2, 'completado', '2024-07-06');
INSERT INTO pagos (pedido_id, metodo_pago_id, estado, fecha) VALUES (11, 1, 'completado', '2024-09-09');
INSERT INTO pagos (pedido_id, metodo_pago_id, estado, fecha) VALUES (12, 1, 'completado', '2024-07-05');
INSERT INTO pagos (pedido_id, metodo_pago_id, estado, fecha) VALUES (13, 2, 'completado', '2024-06-10');
INSERT INTO pagos (pedido_id, metodo_pago_id, estado, fecha) VALUES (14, 1, 'completado', '2025-01-13');
INSERT INTO pagos (pedido_id, metodo_pago_id, estado, fecha) VALUES (15, 2, 'completado', '2025-04-24');
INSERT INTO pagos (pedido_id, metodo_pago_id, estado, fecha) VALUES (16, 4, 'completado', '2025-04-18');
INSERT INTO pagos (pedido_id, metodo_pago_id, estado, fecha) VALUES (17, 3, 'completado', '2024-11-14');
INSERT INTO pagos (pedido_id, metodo_pago_id, estado, fecha) VALUES (18, 3, 'completado', '2024-08-03');
INSERT INTO pagos (pedido_id, metodo_pago_id, estado, fecha) VALUES (19, 2, 'completado', '2025-03-30');
INSERT INTO pagos (pedido_id, metodo_pago_id, estado, fecha) VALUES (20, 3, 'completado', '2024-08-15');
INSERT INTO pagos (pedido_id, metodo_pago_id, estado, fecha) VALUES (21, 2, 'completado', '2024-12-05');
INSERT INTO pagos (pedido_id, metodo_pago_id, estado, fecha) VALUES (22, 3, 'completado', '2025-03-21');
INSERT INTO pagos (pedido_id, metodo_pago_id, estado, fecha) VALUES (23, 1, 'completado', '2024-07-30');
INSERT INTO pagos (pedido_id, metodo_pago_id, estado, fecha) VALUES (24, 1, 'completado', '2025-03-23');
INSERT INTO pagos (pedido_id, metodo_pago_id, estado, fecha) VALUES (25, 3, 'completado', '2024-12-27');
INSERT INTO pagos (pedido_id, metodo_pago_id, estado, fecha) VALUES (26, 4, 'completado', '2025-03-04');
INSERT INTO pagos (pedido_id, metodo_pago_id, estado, fecha) VALUES (27, 3, 'completado', '2024-09-30');
INSERT INTO pagos (pedido_id, metodo_pago_id, estado, fecha) VALUES (28, 1, 'completado', '2024-12-05');
INSERT INTO pagos (pedido_id, metodo_pago_id, estado, fecha) VALUES (29, 3, 'completado', '2024-11-12');
INSERT INTO pagos (pedido_id, metodo_pago_id, estado, fecha) VALUES (30, 1, 'completado', '2025-03-13');
INSERT INTO pagos (pedido_id, metodo_pago_id, estado, fecha) VALUES (31, 4, 'completado', '2024-10-15');
INSERT INTO pagos (pedido_id, metodo_pago_id, estado, fecha) VALUES (32, 4, 'completado', '2024-11-25');
INSERT INTO pagos (pedido_id, metodo_pago_id, estado, fecha) VALUES (33, 3, 'completado', '2025-04-05');
INSERT INTO pagos (pedido_id, metodo_pago_id, estado, fecha) VALUES (34, 1, 'completado', '2025-02-11');
INSERT INTO pagos (pedido_id, metodo_pago_id, estado, fecha) VALUES (35, 4, 'completado', '2025-03-03');
INSERT INTO pagos (pedido_id, metodo_pago_id, estado, fecha) VALUES (36, 2, 'completado', '2024-06-11');
INSERT INTO pagos (pedido_id, metodo_pago_id, estado, fecha) VALUES (37, 3, 'completado', '2024-09-25');
INSERT INTO pagos (pedido_id, metodo_pago_id, estado, fecha) VALUES (38, 2, 'completado', '2024-07-19');
INSERT INTO pagos (pedido_id, metodo_pago_id, estado, fecha) VALUES (39, 3, 'completado', '2024-08-05');
INSERT INTO pagos (pedido_id, metodo_pago_id, estado, fecha) VALUES (40, 1, 'completado', '2024-06-29');
INSERT INTO pagos (pedido_id, metodo_pago_id, estado, fecha) VALUES (41, 1, 'completado', '2025-05-14');
INSERT INTO pagos (pedido_id, metodo_pago_id, estado, fecha) VALUES (42, 2, 'completado', '2025-02-10');
INSERT INTO pagos (pedido_id, metodo_pago_id, estado, fecha) VALUES (43, 1, 'completado', '2024-06-18');
INSERT INTO pagos (pedido_id, metodo_pago_id, estado, fecha) VALUES (44, 1, 'completado', '2025-01-26');
INSERT INTO pagos (pedido_id, metodo_pago_id, estado, fecha) VALUES (45, 1, 'completado', '2025-03-24');
INSERT INTO pagos (pedido_id, metodo_pago_id, estado, fecha) VALUES (46, 2, 'completado', '2024-08-12');
INSERT INTO pagos (pedido_id, metodo_pago_id, estado, fecha) VALUES (47, 1, 'completado', '2024-12-18');
INSERT INTO pagos (pedido_id, metodo_pago_id, estado, fecha) VALUES (48, 4, 'completado', '2024-08-07');
INSERT INTO pagos (pedido_id, metodo_pago_id, estado, fecha) VALUES (49, 3, 'completado', '2024-06-10');
INSERT INTO pagos (pedido_id, metodo_pago_id, estado, fecha) VALUES (50, 4, 'completado', '2024-11-06');
INSERT INTO pagos (pedido_id, metodo_pago_id, estado, fecha) VALUES (51, 2, 'completado', '2025-04-25');
INSERT INTO pagos (pedido_id, metodo_pago_id, estado, fecha) VALUES (52, 2, 'completado', '2024-11-17');
INSERT INTO pagos (pedido_id, metodo_pago_id, estado, fecha) VALUES (53, 1, 'completado', '2025-02-25');
INSERT INTO pagos (pedido_id, metodo_pago_id, estado, fecha) VALUES (54, 4, 'completado', '2025-05-12');
INSERT INTO pagos (pedido_id, metodo_pago_id, estado, fecha) VALUES (55, 2, 'completado', '2024-11-29');
INSERT INTO pagos (pedido_id, metodo_pago_id, estado, fecha) VALUES (56, 3, 'completado', '2025-01-07');
INSERT INTO pagos (pedido_id, metodo_pago_id, estado, fecha) VALUES (57, 2, 'completado', '2025-03-09');
INSERT INTO pagos (pedido_id, metodo_pago_id, estado, fecha) VALUES (58, 4, 'completado', '2025-04-24');
INSERT INTO pagos (pedido_id, metodo_pago_id, estado, fecha) VALUES (59, 3, 'completado', '2024-09-14');
INSERT INTO pagos (pedido_id, metodo_pago_id, estado, fecha) VALUES (60, 3, 'completado', '2025-05-28');
INSERT INTO pagos (pedido_id, metodo_pago_id, estado, fecha) VALUES (61, 1, 'completado', '2025-01-14');
INSERT INTO pagos (pedido_id, metodo_pago_id, estado, fecha) VALUES (62, 3, 'completado', '2024-12-17');
INSERT INTO pagos (pedido_id, metodo_pago_id, estado, fecha) VALUES (63, 1, 'completado', '2024-10-02');
INSERT INTO pagos (pedido_id, metodo_pago_id, estado, fecha) VALUES (64, 1, 'completado', '2025-03-08');
INSERT INTO pagos (pedido_id, metodo_pago_id, estado, fecha) VALUES (65, 2, 'completado', '2024-09-02');
INSERT INTO pagos (pedido_id, metodo_pago_id, estado, fecha) VALUES (66, 2, 'completado', '2024-11-17');
INSERT INTO pagos (pedido_id, metodo_pago_id, estado, fecha) VALUES (67, 1, 'completado', '2025-06-02');
INSERT INTO pagos (pedido_id, metodo_pago_id, estado, fecha) VALUES (68, 4, 'completado', '2024-08-05');
INSERT INTO pagos (pedido_id, metodo_pago_id, estado, fecha) VALUES (69, 1, 'completado', '2024-09-19');
INSERT INTO pagos (pedido_id, metodo_pago_id, estado, fecha) VALUES (70, 4, 'completado', '2024-07-11');
INSERT INTO pagos (pedido_id, metodo_pago_id, estado, fecha) VALUES (71, 3, 'completado', '2024-12-25');
INSERT INTO pagos (pedido_id, metodo_pago_id, estado, fecha) VALUES (72, 3, 'completado', '2024-10-30');
INSERT INTO pagos (pedido_id, metodo_pago_id, estado, fecha) VALUES (73, 3, 'completado', '2024-07-24');
INSERT INTO pagos (pedido_id, metodo_pago_id, estado, fecha) VALUES (74, 1, 'completado', '2025-03-21');
INSERT INTO pagos (pedido_id, metodo_pago_id, estado, fecha) VALUES (75, 4, 'completado', '2024-08-27');
INSERT INTO pagos (pedido_id, metodo_pago_id, estado, fecha) VALUES (76, 1, 'completado', '2024-11-08');
INSERT INTO pagos (pedido_id, metodo_pago_id, estado, fecha) VALUES (77, 3, 'completado', '2025-02-01');
INSERT INTO pagos (pedido_id, metodo_pago_id, estado, fecha) VALUES (78, 2, 'completado', '2024-06-27');
INSERT INTO pagos (pedido_id, metodo_pago_id, estado, fecha) VALUES (79, 3, 'completado', '2024-08-30');
INSERT INTO pagos (pedido_id, metodo_pago_id, estado, fecha) VALUES (80, 3, 'completado', '2024-11-05');
INSERT INTO pagos (pedido_id, metodo_pago_id, estado, fecha) VALUES (81, 2, 'completado', '2024-08-16');
INSERT INTO pagos (pedido_id, metodo_pago_id, estado, fecha) VALUES (82, 4, 'completado', '2025-04-21');
INSERT INTO pagos (pedido_id, metodo_pago_id, estado, fecha) VALUES (83, 3, 'completado', '2025-03-22');
INSERT INTO pagos (pedido_id, metodo_pago_id, estado, fecha) VALUES (84, 4, 'completado', '2025-01-09');
INSERT INTO pagos (pedido_id, metodo_pago_id, estado, fecha) VALUES (85, 2, 'completado', '2025-01-26');
INSERT INTO pagos (pedido_id, metodo_pago_id, estado, fecha) VALUES (86, 2, 'completado', '2025-04-28');
INSERT INTO pagos (pedido_id, metodo_pago_id, estado, fecha) VALUES (87, 2, 'completado', '2024-07-05');
INSERT INTO pagos (pedido_id, metodo_pago_id, estado, fecha) VALUES (88, 1, 'completado', '2025-04-19');
INSERT INTO pagos (pedido_id, metodo_pago_id, estado, fecha) VALUES (89, 4, 'completado', '2025-03-01');
INSERT INTO pagos (pedido_id, metodo_pago_id, estado, fecha) VALUES (90, 1, 'completado', '2024-12-04');
INSERT INTO pagos (pedido_id, metodo_pago_id, estado, fecha) VALUES (91, 2, 'completado', '2024-12-08');
INSERT INTO pagos (pedido_id, metodo_pago_id, estado, fecha) VALUES (92, 3, 'completado', '2024-10-05');
INSERT INTO pagos (pedido_id, metodo_pago_id, estado, fecha) VALUES (93, 1, 'completado', '2025-02-14');
INSERT INTO pagos (pedido_id, metodo_pago_id, estado, fecha) VALUES (94, 3, 'completado', '2025-02-10');
INSERT INTO pagos (pedido_id, metodo_pago_id, estado, fecha) VALUES (95, 1, 'completado', '2024-11-10');
INSERT INTO pagos (pedido_id, metodo_pago_id, estado, fecha) VALUES (96, 4, 'completado', '2025-04-23');
INSERT INTO pagos (pedido_id, metodo_pago_id, estado, fecha) VALUES (97, 3, 'completado', '2024-10-31');
INSERT INTO pagos (pedido_id, metodo_pago_id, estado, fecha) VALUES (98, 1, 'completado', '2024-08-09');
INSERT INTO pagos (pedido_id, metodo_pago_id, estado, fecha) VALUES (99, 2, 'completado', '2024-06-27');
INSERT INTO pagos (pedido_id, metodo_pago_id, estado, fecha) VALUES (100, 2, 'completado', '2025-04-13');
INSERT INTO pagos (pedido_id, metodo_pago_id, estado, fecha) VALUES (101, 4, 'completado', '2024-10-28');
INSERT INTO pagos (pedido_id, metodo_pago_id, estado, fecha) VALUES (102, 4, 'completado', '2025-02-12');
INSERT INTO pagos (pedido_id, metodo_pago_id, estado, fecha) VALUES (103, 1, 'completado', '2024-11-17');
INSERT INTO pagos (pedido_id, metodo_pago_id, estado, fecha) VALUES (104, 2, 'completado', '2024-08-20');
INSERT INTO pagos (pedido_id, metodo_pago_id, estado, fecha) VALUES (105, 3, 'completado', '2024-09-18');
INSERT INTO pagos (pedido_id, metodo_pago_id, estado, fecha) VALUES (106, 1, 'completado', '2024-07-18');
INSERT INTO pagos (pedido_id, metodo_pago_id, estado, fecha) VALUES (107, 1, 'completado', '2024-07-16');
INSERT INTO pagos (pedido_id, metodo_pago_id, estado, fecha) VALUES (108, 2, 'completado', '2024-07-06');
INSERT INTO pagos (pedido_id, metodo_pago_id, estado, fecha) VALUES (109, 4, 'completado', '2024-10-24');
INSERT INTO pagos (pedido_id, metodo_pago_id, estado, fecha) VALUES (110, 3, 'completado', '2025-01-26');
INSERT INTO pagos (pedido_id, metodo_pago_id, estado, fecha) VALUES (111, 4, 'completado', '2025-04-04');
INSERT INTO pagos (pedido_id, metodo_pago_id, estado, fecha) VALUES (112, 1, 'completado', '2025-04-30');
INSERT INTO pagos (pedido_id, metodo_pago_id, estado, fecha) VALUES (113, 1, 'completado', '2024-10-14');
INSERT INTO pagos (pedido_id, metodo_pago_id, estado, fecha) VALUES (114, 2, 'completado', '2024-06-16');
INSERT INTO pagos (pedido_id, metodo_pago_id, estado, fecha) VALUES (115, 4, 'completado', '2024-09-07');
INSERT INTO pagos (pedido_id, metodo_pago_id, estado, fecha) VALUES (116, 1, 'completado', '2024-09-23');
INSERT INTO pagos (pedido_id, metodo_pago_id, estado, fecha) VALUES (117, 1, 'completado', '2024-08-08');
INSERT INTO pagos (pedido_id, metodo_pago_id, estado, fecha) VALUES (118, 4, 'completado', '2025-01-02');
INSERT INTO pagos (pedido_id, metodo_pago_id, estado, fecha) VALUES (119, 2, 'completado', '2024-07-17');
INSERT INTO pagos (pedido_id, metodo_pago_id, estado, fecha) VALUES (120, 2, 'completado', '2024-07-01');
INSERT INTO pagos (pedido_id, metodo_pago_id, estado, fecha) VALUES (121, 3, 'completado', '2024-08-27');
INSERT INTO pagos (pedido_id, metodo_pago_id, estado, fecha) VALUES (122, 3, 'completado', '2025-01-23');
INSERT INTO pagos (pedido_id, metodo_pago_id, estado, fecha) VALUES (123, 3, 'completado', '2024-06-10');
INSERT INTO pagos (pedido_id, metodo_pago_id, estado, fecha) VALUES (124, 4, 'completado', '2025-03-26');
INSERT INTO pagos (pedido_id, metodo_pago_id, estado, fecha) VALUES (125, 3, 'completado', '2025-05-25');
INSERT INTO pagos (pedido_id, metodo_pago_id, estado, fecha) VALUES (126, 3, 'completado', '2024-10-04');
INSERT INTO pagos (pedido_id, metodo_pago_id, estado, fecha) VALUES (127, 4, 'completado', '2024-08-17');
INSERT INTO pagos (pedido_id, metodo_pago_id, estado, fecha) VALUES (128, 3, 'completado', '2025-01-06');
INSERT INTO pagos (pedido_id, metodo_pago_id, estado, fecha) VALUES (129, 2, 'completado', '2024-08-23');
INSERT INTO pagos (pedido_id, metodo_pago_id, estado, fecha) VALUES (130, 1, 'completado', '2025-02-08');
INSERT INTO pagos (pedido_id, metodo_pago_id, estado, fecha) VALUES (131, 2, 'completado', '2025-06-01');
INSERT INTO pagos (pedido_id, metodo_pago_id, estado, fecha) VALUES (132, 2, 'completado', '2024-06-18');
INSERT INTO pagos (pedido_id, metodo_pago_id, estado, fecha) VALUES (133, 1, 'completado', '2024-09-07');
INSERT INTO pagos (pedido_id, metodo_pago_id, estado, fecha) VALUES (134, 2, 'completado', '2024-09-18');
INSERT INTO pagos (pedido_id, metodo_pago_id, estado, fecha) VALUES (135, 1, 'completado', '2024-07-09');
INSERT INTO pagos (pedido_id, metodo_pago_id, estado, fecha) VALUES (136, 2, 'completado', '2025-01-13');
INSERT INTO pagos (pedido_id, metodo_pago_id, estado, fecha) VALUES (137, 4, 'completado', '2025-01-11');
INSERT INTO pagos (pedido_id, metodo_pago_id, estado, fecha) VALUES (138, 4, 'completado', '2024-06-23');
INSERT INTO pagos (pedido_id, metodo_pago_id, estado, fecha) VALUES (139, 3, 'completado', '2025-01-10');
INSERT INTO pagos (pedido_id, metodo_pago_id, estado, fecha) VALUES (140, 4, 'completado', '2025-04-08');
INSERT INTO pagos (pedido_id, metodo_pago_id, estado, fecha) VALUES (141, 1, 'completado', '2024-12-10');
INSERT INTO pagos (pedido_id, metodo_pago_id, estado, fecha) VALUES (142, 3, 'completado', '2024-06-23');
INSERT INTO pagos (pedido_id, metodo_pago_id, estado, fecha) VALUES (143, 2, 'completado', '2024-06-24');
INSERT INTO pagos (pedido_id, metodo_pago_id, estado, fecha) VALUES (144, 4, 'completado', '2024-10-06');
INSERT INTO pagos (pedido_id, metodo_pago_id, estado, fecha) VALUES (145, 3, 'completado', '2024-07-12');
INSERT INTO pagos (pedido_id, metodo_pago_id, estado, fecha) VALUES (146, 4, 'completado', '2024-10-03');
INSERT INTO pagos (pedido_id, metodo_pago_id, estado, fecha) VALUES (147, 3, 'completado', '2024-06-09');
INSERT INTO pagos (pedido_id, metodo_pago_id, estado, fecha) VALUES (148, 1, 'completado', '2024-10-22');
INSERT INTO pagos (pedido_id, metodo_pago_id, estado, fecha) VALUES (149, 1, 'completado', '2025-03-24');
INSERT INTO pagos (pedido_id, metodo_pago_id, estado, fecha) VALUES (150, 2, 'completado', '2024-09-23');
INSERT INTO pagos (pedido_id, metodo_pago_id, estado, fecha) VALUES (151, 3, 'completado', '2024-11-07');
INSERT INTO pagos (pedido_id, metodo_pago_id, estado, fecha) VALUES (152, 1, 'completado', '2024-12-17');
INSERT INTO pagos (pedido_id, metodo_pago_id, estado, fecha) VALUES (153, 2, 'completado', '2024-08-20');
INSERT INTO pagos (pedido_id, metodo_pago_id, estado, fecha) VALUES (154, 3, 'completado', '2024-10-06');
INSERT INTO pagos (pedido_id, metodo_pago_id, estado, fecha) VALUES (155, 2, 'completado', '2025-03-24');
INSERT INTO pagos (pedido_id, metodo_pago_id, estado, fecha) VALUES (156, 1, 'completado', '2024-11-04');
INSERT INTO pagos (pedido_id, metodo_pago_id, estado, fecha) VALUES (157, 2, 'completado', '2025-03-14');
INSERT INTO pagos (pedido_id, metodo_pago_id, estado, fecha) VALUES (158, 3, 'completado', '2024-10-22');
INSERT INTO pagos (pedido_id, metodo_pago_id, estado, fecha) VALUES (159, 4, 'completado', '2024-07-26');
INSERT INTO pagos (pedido_id, metodo_pago_id, estado, fecha) VALUES (160, 1, 'completado', '2025-03-05');
INSERT INTO pagos (pedido_id, metodo_pago_id, estado, fecha) VALUES (161, 3, 'completado', '2025-02-23');
INSERT INTO pagos (pedido_id, metodo_pago_id, estado, fecha) VALUES (162, 3, 'completado', '2024-07-13');
INSERT INTO pagos (pedido_id, metodo_pago_id, estado, fecha) VALUES (163, 2, 'completado', '2024-10-12');
INSERT INTO pagos (pedido_id, metodo_pago_id, estado, fecha) VALUES (164, 1, 'completado', '2024-11-11');
INSERT INTO pagos (pedido_id, metodo_pago_id, estado, fecha) VALUES (165, 4, 'completado', '2025-05-20');
INSERT INTO pagos (pedido_id, metodo_pago_id, estado, fecha) VALUES (166, 4, 'completado', '2025-03-20');
INSERT INTO pagos (pedido_id, metodo_pago_id, estado, fecha) VALUES (167, 2, 'completado', '2024-12-18');
INSERT INTO pagos (pedido_id, metodo_pago_id, estado, fecha) VALUES (168, 1, 'completado', '2024-07-15');
INSERT INTO pagos (pedido_id, metodo_pago_id, estado, fecha) VALUES (169, 4, 'completado', '2024-12-18');
INSERT INTO pagos (pedido_id, metodo_pago_id, estado, fecha) VALUES (170, 1, 'completado', '2025-04-15');
INSERT INTO pagos (pedido_id, metodo_pago_id, estado, fecha) VALUES (171, 2, 'completado', '2025-04-03');
INSERT INTO pagos (pedido_id, metodo_pago_id, estado, fecha) VALUES (172, 1, 'completado', '2024-08-03');
INSERT INTO pagos (pedido_id, metodo_pago_id, estado, fecha) VALUES (173, 1, 'completado', '2024-06-15');
INSERT INTO pagos (pedido_id, metodo_pago_id, estado, fecha) VALUES (174, 1, 'completado', '2025-01-20');
INSERT INTO pagos (pedido_id, metodo_pago_id, estado, fecha) VALUES (175, 2, 'completado', '2025-04-11');
INSERT INTO pagos (pedido_id, metodo_pago_id, estado, fecha) VALUES (176, 2, 'completado', '2024-11-01');
INSERT INTO pagos (pedido_id, metodo_pago_id, estado, fecha) VALUES (177, 2, 'completado', '2024-12-08');
INSERT INTO pagos (pedido_id, metodo_pago_id, estado, fecha) VALUES (178, 4, 'completado', '2025-01-19');
INSERT INTO pagos (pedido_id, metodo_pago_id, estado, fecha) VALUES (179, 3, 'completado', '2025-05-09');
INSERT INTO pagos (pedido_id, metodo_pago_id, estado, fecha) VALUES (180, 1, 'completado', '2025-05-02');
INSERT INTO pagos (pedido_id, metodo_pago_id, estado, fecha) VALUES (181, 3, 'completado', '2024-06-20');
INSERT INTO pagos (pedido_id, metodo_pago_id, estado, fecha) VALUES (182, 1, 'completado', '2024-09-26');
INSERT INTO pagos (pedido_id, metodo_pago_id, estado, fecha) VALUES (183, 1, 'completado', '2024-08-07');
INSERT INTO pagos (pedido_id, metodo_pago_id, estado, fecha) VALUES (184, 1, 'completado', '2024-08-03');
INSERT INTO pagos (pedido_id, metodo_pago_id, estado, fecha) VALUES (185, 2, 'completado', '2025-02-26');
INSERT INTO pagos (pedido_id, metodo_pago_id, estado, fecha) VALUES (186, 4, 'completado', '2024-12-02');
INSERT INTO pagos (pedido_id, metodo_pago_id, estado, fecha) VALUES (187, 2, 'completado', '2024-07-06');
INSERT INTO pagos (pedido_id, metodo_pago_id, estado, fecha) VALUES (188, 1, 'completado', '2025-05-15');
INSERT INTO pagos (pedido_id, metodo_pago_id, estado, fecha) VALUES (189, 3, 'completado', '2025-02-04');
INSERT INTO pagos (pedido_id, metodo_pago_id, estado, fecha) VALUES (190, 1, 'completado', '2024-07-12');
INSERT INTO pagos (pedido_id, metodo_pago_id, estado, fecha) VALUES (191, 1, 'completado', '2025-03-12');
INSERT INTO pagos (pedido_id, metodo_pago_id, estado, fecha) VALUES (192, 4, 'completado', '2024-09-03');
INSERT INTO pagos (pedido_id, metodo_pago_id, estado, fecha) VALUES (193, 1, 'completado', '2025-05-15');
INSERT INTO pagos (pedido_id, metodo_pago_id, estado, fecha) VALUES (194, 2, 'completado', '2024-08-28');
INSERT INTO pagos (pedido_id, metodo_pago_id, estado, fecha) VALUES (195, 4, 'completado', '2025-04-15');
INSERT INTO pagos (pedido_id, metodo_pago_id, estado, fecha) VALUES (196, 4, 'completado', '2025-02-25');
INSERT INTO pagos (pedido_id, metodo_pago_id, estado, fecha) VALUES (197, 4, 'completado', '2025-02-15');
INSERT INTO pagos (pedido_id, metodo_pago_id, estado, fecha) VALUES (198, 1, 'completado', '2024-07-30');
INSERT INTO pagos (pedido_id, metodo_pago_id, estado, fecha) VALUES (199, 4, 'completado', '2025-03-31');
INSERT INTO pagos (pedido_id, metodo_pago_id, estado, fecha) VALUES (200, 4, 'completado', '2025-03-12');
INSERT INTO resenas (producto_id, usuario_id, puntuacion, comentario) VALUES (91, 45, 2, 'Year maybe yeah participant.');
INSERT INTO resenas (producto_id, usuario_id, puntuacion, comentario) VALUES (71, 48, 3, 'Us game size fund growth task issue.');
INSERT INTO resenas (producto_id, usuario_id, puntuacion, comentario) VALUES (39, 115, 1, 'Dream young parent when note yes.');
INSERT INTO resenas (producto_id, usuario_id, puntuacion, comentario) VALUES (76, 63, 4, 'Source central that natural.');
INSERT INTO resenas (producto_id, usuario_id, puntuacion, comentario) VALUES (141, 106, 4, 'Material lawyer college fast.');
INSERT INTO resenas (producto_id, usuario_id, puntuacion, comentario) VALUES (23, 16, 3, 'Evidence guy become condition.');
INSERT INTO resenas (producto_id, usuario_id, puntuacion, comentario) VALUES (36, 99, 4, 'Election list eight theory practice cell buy.');
INSERT INTO resenas (producto_id, usuario_id, puntuacion, comentario) VALUES (135, 52, 2, 'Major guy expert important people quite kid.');
INSERT INTO resenas (producto_id, usuario_id, puntuacion, comentario) VALUES (5, 140, 4, 'Suddenly weight health radio media enjoy then.');
INSERT INTO resenas (producto_id, usuario_id, puntuacion, comentario) VALUES (123, 92, 5, 'Per popular scientist.');
INSERT INTO resenas (producto_id, usuario_id, puntuacion, comentario) VALUES (89, 125, 5, 'Record night choice black heart.');
INSERT INTO resenas (producto_id, usuario_id, puntuacion, comentario) VALUES (83, 129, 4, 'Human authority hold left behavior letter politics.');
INSERT INTO resenas (producto_id, usuario_id, puntuacion, comentario) VALUES (47, 70, 1, 'Board Congress board where however item husband.');
INSERT INTO resenas (producto_id, usuario_id, puntuacion, comentario) VALUES (57, 82, 1, 'Fish you main reduce.');
INSERT INTO resenas (producto_id, usuario_id, puntuacion, comentario) VALUES (15, 72, 4, 'Boy lawyer nation we certainly degree nothing.');
INSERT INTO resenas (producto_id, usuario_id, puntuacion, comentario) VALUES (92, 136, 5, 'Similar artist speak smile without degree deep age.');
INSERT INTO resenas (producto_id, usuario_id, puntuacion, comentario) VALUES (41, 60, 1, 'Establish player base attorney if fear.');
INSERT INTO resenas (producto_id, usuario_id, puntuacion, comentario) VALUES (62, 64, 3, 'The modern prove else store begin top.');
INSERT INTO resenas (producto_id, usuario_id, puntuacion, comentario) VALUES (15, 137, 2, 'White father cup walk loss movement.');
INSERT INTO resenas (producto_id, usuario_id, puntuacion, comentario) VALUES (100, 148, 3, 'Whole join tree now.');
INSERT INTO resenas (producto_id, usuario_id, puntuacion, comentario) VALUES (46, 45, 2, 'Night throw cup.');
INSERT INTO resenas (producto_id, usuario_id, puntuacion, comentario) VALUES (92, 82, 5, 'Pattern food worry voice sea say first character.');
INSERT INTO resenas (producto_id, usuario_id, puntuacion, comentario) VALUES (91, 8, 5, 'Value material first society purpose enjoy reveal.');
INSERT INTO resenas (producto_id, usuario_id, puntuacion, comentario) VALUES (37, 145, 5, 'Wall tax plant police official already second.');
INSERT INTO resenas (producto_id, usuario_id, puntuacion, comentario) VALUES (127, 49, 5, 'Information national coach help girl.');
INSERT INTO resenas (producto_id, usuario_id, puntuacion, comentario) VALUES (45, 80, 4, 'Will officer add sport administration.');
INSERT INTO resenas (producto_id, usuario_id, puntuacion, comentario) VALUES (24, 10, 1, 'Maybe test record power lay.');
INSERT INTO resenas (producto_id, usuario_id, puntuacion, comentario) VALUES (57, 60, 1, 'Goal stock international wind from unit.');
INSERT INTO resenas (producto_id, usuario_id, puntuacion, comentario) VALUES (123, 135, 1, 'Into computer organization myself high suddenly read.');
INSERT INTO resenas (producto_id, usuario_id, puntuacion, comentario) VALUES (52, 85, 2, 'Plant reduce visit town between because.');
INSERT INTO resenas (producto_id, usuario_id, puntuacion, comentario) VALUES (46, 88, 3, 'Bed administration usually billion.');
INSERT INTO resenas (producto_id, usuario_id, puntuacion, comentario) VALUES (6, 16, 2, 'Until between know ok allow face inside development.');
INSERT INTO resenas (producto_id, usuario_id, puntuacion, comentario) VALUES (29, 37, 5, 'Necessary boy task wear go soldier less.');
INSERT INTO resenas (producto_id, usuario_id, puntuacion, comentario) VALUES (19, 94, 3, 'Account hear difference exist they enough.');
INSERT INTO resenas (producto_id, usuario_id, puntuacion, comentario) VALUES (26, 102, 3, 'Pull above training allow ago so.');
INSERT INTO resenas (producto_id, usuario_id, puntuacion, comentario) VALUES (83, 78, 2, 'Star outside friend where year drop wind.');
INSERT INTO resenas (producto_id, usuario_id, puntuacion, comentario) VALUES (112, 41, 4, 'Pattern hotel appear use investment.');
INSERT INTO resenas (producto_id, usuario_id, puntuacion, comentario) VALUES (45, 82, 5, 'Within community tough military join between.');
INSERT INTO resenas (producto_id, usuario_id, puntuacion, comentario) VALUES (58, 92, 5, 'Mean place six successful.');
INSERT INTO resenas (producto_id, usuario_id, puntuacion, comentario) VALUES (97, 45, 3, 'True study city follow behavior agent activity show.');
INSERT INTO resenas (producto_id, usuario_id, puntuacion, comentario) VALUES (33, 76, 2, 'Agreement remain turn bad.');
INSERT INTO resenas (producto_id, usuario_id, puntuacion, comentario) VALUES (147, 1, 4, 'Agent safe work play sing cost.');
INSERT INTO resenas (producto_id, usuario_id, puntuacion, comentario) VALUES (9, 146, 2, 'Father movement early sister skill.');
INSERT INTO resenas (producto_id, usuario_id, puntuacion, comentario) VALUES (57, 82, 5, 'Process ever various physical point.');
INSERT INTO resenas (producto_id, usuario_id, puntuacion, comentario) VALUES (128, 27, 2, 'Term book until but center energy Congress back.');
INSERT INTO resenas (producto_id, usuario_id, puntuacion, comentario) VALUES (20, 85, 2, 'Tree debate beyond somebody including main.');
INSERT INTO resenas (producto_id, usuario_id, puntuacion, comentario) VALUES (82, 89, 2, 'Baby reach heart finish traditional speak conference act.');
INSERT INTO resenas (producto_id, usuario_id, puntuacion, comentario) VALUES (86, 23, 4, 'Process piece talk bring.');
INSERT INTO resenas (producto_id, usuario_id, puntuacion, comentario) VALUES (68, 3, 2, 'Year low pass national citizen score.');
INSERT INTO resenas (producto_id, usuario_id, puntuacion, comentario) VALUES (18, 64, 3, 'Cover ahead age memory.');
INSERT INTO resenas (producto_id, usuario_id, puntuacion, comentario) VALUES (28, 66, 1, 'Describe half together ahead.');
INSERT INTO resenas (producto_id, usuario_id, puntuacion, comentario) VALUES (99, 13, 4, 'Detail road vote environment.');
INSERT INTO resenas (producto_id, usuario_id, puntuacion, comentario) VALUES (43, 108, 4, 'Current begin remain present level speak job.');
INSERT INTO resenas (producto_id, usuario_id, puntuacion, comentario) VALUES (97, 127, 3, 'Two economic cup suffer response which.');
INSERT INTO resenas (producto_id, usuario_id, puntuacion, comentario) VALUES (97, 140, 1, 'On short find some.');
INSERT INTO resenas (producto_id, usuario_id, puntuacion, comentario) VALUES (148, 123, 2, 'Item land others even five blue him.');
INSERT INTO resenas (producto_id, usuario_id, puntuacion, comentario) VALUES (116, 42, 1, 'Note hear plan ask cold.');
INSERT INTO resenas (producto_id, usuario_id, puntuacion, comentario) VALUES (76, 9, 1, 'When education important.');
INSERT INTO resenas (producto_id, usuario_id, puntuacion, comentario) VALUES (67, 82, 1, 'Step population whole good air conference follow so.');
INSERT INTO resenas (producto_id, usuario_id, puntuacion, comentario) VALUES (88, 19, 2, 'Early Democrat he certain fire act.');
INSERT INTO resenas (producto_id, usuario_id, puntuacion, comentario) VALUES (42, 97, 1, 'Response degree nothing.');
INSERT INTO resenas (producto_id, usuario_id, puntuacion, comentario) VALUES (24, 141, 3, 'Together no history own money bill.');
INSERT INTO resenas (producto_id, usuario_id, puntuacion, comentario) VALUES (8, 124, 4, 'Respond watch space provide off.');
INSERT INTO resenas (producto_id, usuario_id, puntuacion, comentario) VALUES (112, 43, 2, 'Radio itself spend cup anyone management.');
INSERT INTO resenas (producto_id, usuario_id, puntuacion, comentario) VALUES (26, 14, 3, 'Wrong instead buy.');
INSERT INTO resenas (producto_id, usuario_id, puntuacion, comentario) VALUES (49, 53, 4, 'Over option door again.');
INSERT INTO resenas (producto_id, usuario_id, puntuacion, comentario) VALUES (139, 142, 3, 'Popular task write.');
INSERT INTO resenas (producto_id, usuario_id, puntuacion, comentario) VALUES (77, 73, 2, 'Expect success idea time truth although population.');
INSERT INTO resenas (producto_id, usuario_id, puntuacion, comentario) VALUES (13, 25, 4, 'Like stop indeed feeling.');
INSERT INTO resenas (producto_id, usuario_id, puntuacion, comentario) VALUES (141, 147, 4, 'Send hundred news finish partner hotel.');
INSERT INTO resenas (producto_id, usuario_id, puntuacion, comentario) VALUES (14, 40, 3, 'Management political treat successful visit bill difference.');
INSERT INTO resenas (producto_id, usuario_id, puntuacion, comentario) VALUES (110, 1, 1, 'Catch year technology.');
INSERT INTO resenas (producto_id, usuario_id, puntuacion, comentario) VALUES (123, 76, 2, 'Difficult because right speech staff Mr.');
INSERT INTO resenas (producto_id, usuario_id, puntuacion, comentario) VALUES (7, 25, 2, 'Various test employee.');
INSERT INTO resenas (producto_id, usuario_id, puntuacion, comentario) VALUES (75, 44, 1, 'Book water avoid.');
INSERT INTO resenas (producto_id, usuario_id, puntuacion, comentario) VALUES (30, 122, 3, 'Reach social here recognize understand on.');
INSERT INTO resenas (producto_id, usuario_id, puntuacion, comentario) VALUES (121, 102, 4, 'Call technology send thousand.');
INSERT INTO resenas (producto_id, usuario_id, puntuacion, comentario) VALUES (24, 68, 5, 'Pm property miss drive long majority.');
INSERT INTO resenas (producto_id, usuario_id, puntuacion, comentario) VALUES (48, 100, 3, 'Focus room difficult enough fast.');
INSERT INTO resenas (producto_id, usuario_id, puntuacion, comentario) VALUES (95, 98, 2, 'Good structure drug positive.');
INSERT INTO tickets_soporte (usuario_id, motivo, estado, prioridad) VALUES (115, 'total', 'abierto', 'baja');
INSERT INTO tickets_soporte (usuario_id, motivo, estado, prioridad) VALUES (68, 'describe', 'abierto', 'media');
INSERT INTO tickets_soporte (usuario_id, motivo, estado, prioridad) VALUES (120, 'run', 'abierto', 'media');
INSERT INTO tickets_soporte (usuario_id, motivo, estado, prioridad) VALUES (58, 'bank', 'abierto', 'media');
INSERT INTO tickets_soporte (usuario_id, motivo, estado, prioridad) VALUES (145, 'bad', 'abierto', 'baja');
INSERT INTO tickets_soporte (usuario_id, motivo, estado, prioridad) VALUES (39, 'miss', 'abierto', 'alta');
INSERT INTO tickets_soporte (usuario_id, motivo, estado, prioridad) VALUES (25, 'as', 'abierto', 'baja');
INSERT INTO tickets_soporte (usuario_id, motivo, estado, prioridad) VALUES (89, 'difference', 'abierto', 'alta');
INSERT INTO tickets_soporte (usuario_id, motivo, estado, prioridad) VALUES (106, 'add', 'abierto', 'alta');
INSERT INTO tickets_soporte (usuario_id, motivo, estado, prioridad) VALUES (59, 'religious', 'abierto', 'alta');
INSERT INTO tickets_soporte (usuario_id, motivo, estado, prioridad) VALUES (16, 'direction', 'abierto', 'media');
INSERT INTO tickets_soporte (usuario_id, motivo, estado, prioridad) VALUES (134, 'management', 'abierto', 'media');
INSERT INTO tickets_soporte (usuario_id, motivo, estado, prioridad) VALUES (138, 'tell', 'abierto', 'alta');
INSERT INTO tickets_soporte (usuario_id, motivo, estado, prioridad) VALUES (122, 'image', 'abierto', 'alta');
INSERT INTO tickets_soporte (usuario_id, motivo, estado, prioridad) VALUES (61, 'cup', 'abierto', 'media');
INSERT INTO tickets_soporte (usuario_id, motivo, estado, prioridad) VALUES (77, 'method', 'abierto', 'baja');
INSERT INTO tickets_soporte (usuario_id, motivo, estado, prioridad) VALUES (102, 'book', 'abierto', 'alta');
INSERT INTO tickets_soporte (usuario_id, motivo, estado, prioridad) VALUES (9, 'grow', 'abierto', 'alta');
INSERT INTO tickets_soporte (usuario_id, motivo, estado, prioridad) VALUES (147, 'detail', 'abierto', 'alta');
INSERT INTO tickets_soporte (usuario_id, motivo, estado, prioridad) VALUES (147, 'teach', 'abierto', 'alta');
INSERT INTO tickets_soporte (usuario_id, motivo, estado, prioridad) VALUES (38, 'performance', 'abierto', 'baja');
INSERT INTO tickets_soporte (usuario_id, motivo, estado, prioridad) VALUES (115, 'sort', 'abierto', 'baja');
INSERT INTO tickets_soporte (usuario_id, motivo, estado, prioridad) VALUES (43, 'news', 'abierto', 'baja');
INSERT INTO tickets_soporte (usuario_id, motivo, estado, prioridad) VALUES (50, 'my', 'abierto', 'baja');
INSERT INTO tickets_soporte (usuario_id, motivo, estado, prioridad) VALUES (11, 'town', 'abierto', 'media');
INSERT INTO tickets_soporte (usuario_id, motivo, estado, prioridad) VALUES (21, 'form', 'abierto', 'alta');
INSERT INTO tickets_soporte (usuario_id, motivo, estado, prioridad) VALUES (112, 'soon', 'abierto', 'baja');
INSERT INTO tickets_soporte (usuario_id, motivo, estado, prioridad) VALUES (38, 'you', 'abierto', 'alta');
INSERT INTO tickets_soporte (usuario_id, motivo, estado, prioridad) VALUES (67, 'forget', 'abierto', 'media');
INSERT INTO tickets_soporte (usuario_id, motivo, estado, prioridad) VALUES (18, 'section', 'abierto', 'baja');
INSERT INTO respuestas_soporte (ticket_id, agente, fecha, mensaje) VALUES (13, 'Christian Wagner', '2025-05-27', 'Despite hair window test.');
INSERT INTO respuestas_soporte (ticket_id, agente, fecha, mensaje) VALUES (18, 'Penny Lopez', '2024-09-21', 'Clearly film thank possible challenge then.');
INSERT INTO respuestas_soporte (ticket_id, agente, fecha, mensaje) VALUES (13, 'Cynthia Shannon', '2024-08-17', 'Agreement product laugh enter until.');
INSERT INTO respuestas_soporte (ticket_id, agente, fecha, mensaje) VALUES (18, 'Jeffrey Hernandez', '2024-12-18', 'Meet apply evening best possible rule.');
INSERT INTO respuestas_soporte (ticket_id, agente, fecha, mensaje) VALUES (11, 'Edward Powell', '2025-01-22', 'Morning management item race position.');
INSERT INTO respuestas_soporte (ticket_id, agente, fecha, mensaje) VALUES (28, 'Colleen Brown', '2024-06-19', 'Entire assume big difficult per respond hot.');
INSERT INTO respuestas_soporte (ticket_id, agente, fecha, mensaje) VALUES (9, 'Nicholas Suarez', '2024-09-18', 'Day size girl explain others safe behind.');
INSERT INTO respuestas_soporte (ticket_id, agente, fecha, mensaje) VALUES (17, 'Melody Woods', '2024-10-02', 'Color race coach forward lay.');
INSERT INTO respuestas_soporte (ticket_id, agente, fecha, mensaje) VALUES (15, 'Mary Patterson', '2024-06-14', 'Window thing color set.');
INSERT INTO respuestas_soporte (ticket_id, agente, fecha, mensaje) VALUES (30, 'Harold Wells', '2024-06-06', 'Their line and admit quite fact direction.');
INSERT INTO respuestas_soporte (ticket_id, agente, fecha, mensaje) VALUES (28, 'Nicole Rowe', '2024-07-14', 'Sound friend make go nation.');
INSERT INTO respuestas_soporte (ticket_id, agente, fecha, mensaje) VALUES (1, 'Dawn Ellis', '2025-04-23', 'Feeling free military professional tend such.');
INSERT INTO respuestas_soporte (ticket_id, agente, fecha, mensaje) VALUES (26, 'Mr. Joseph Bowman', '2024-08-02', 'Task process center marriage each scientist.');
INSERT INTO respuestas_soporte (ticket_id, agente, fecha, mensaje) VALUES (23, 'Heather Garner', '2024-08-20', 'Police whole theory quickly tonight last.');
INSERT INTO respuestas_soporte (ticket_id, agente, fecha, mensaje) VALUES (20, 'Kelsey Baker', '2025-02-24', 'Thousand hospital individual yes finally American.');
INSERT INTO respuestas_soporte (ticket_id, agente, fecha, mensaje) VALUES (19, 'Gwendolyn Salazar', '2024-11-21', 'Note society get body across until chair.');
INSERT INTO respuestas_soporte (ticket_id, agente, fecha, mensaje) VALUES (17, 'Kelly Roberts', '2025-01-08', 'Field explain son administration.');
INSERT INTO respuestas_soporte (ticket_id, agente, fecha, mensaje) VALUES (26, 'Douglas Watkins', '2024-06-26', 'Figure involve produce a edge go exist.');
INSERT INTO respuestas_soporte (ticket_id, agente, fecha, mensaje) VALUES (14, 'Mary Mack', '2024-08-05', 'Require central run it.');
INSERT INTO respuestas_soporte (ticket_id, agente, fecha, mensaje) VALUES (4, 'Donna Johnson', '2025-06-03', 'Eat question hit human tough throw.');
INSERT INTO respuestas_soporte (ticket_id, agente, fecha, mensaje) VALUES (14, 'Linda Thompson', '2024-11-22', 'Source cause should economic indicate current.');
INSERT INTO respuestas_soporte (ticket_id, agente, fecha, mensaje) VALUES (5, 'Edward Ho', '2024-12-02', 'Contain site street benefit money reason mean.');
INSERT INTO respuestas_soporte (ticket_id, agente, fecha, mensaje) VALUES (5, 'Heather Gomez', '2024-12-04', 'Which leave tree ago short because.');
INSERT INTO respuestas_soporte (ticket_id, agente, fecha, mensaje) VALUES (19, 'Terry Buchanan', '2025-01-17', 'Health per tonight there apply suddenly call.');
INSERT INTO respuestas_soporte (ticket_id, agente, fecha, mensaje) VALUES (19, 'Julie Hines', '2024-12-24', 'Stuff be establish worry blood organization state.');
INSERT INTO respuestas_soporte (ticket_id, agente, fecha, mensaje) VALUES (19, 'Melissa Lin', '2024-07-23', 'Purpose school apply day century science manager difference.');
INSERT INTO respuestas_soporte (ticket_id, agente, fecha, mensaje) VALUES (25, 'Sarah Turner', '2024-10-04', 'South perhaps customer.');
INSERT INTO respuestas_soporte (ticket_id, agente, fecha, mensaje) VALUES (4, 'Christian Hobbs', '2024-12-24', 'Easy billion agency media.');
INSERT INTO respuestas_soporte (ticket_id, agente, fecha, mensaje) VALUES (30, 'Timothy Evans', '2024-12-10', 'Star success national start.');
INSERT INTO respuestas_soporte (ticket_id, agente, fecha, mensaje) VALUES (4, 'Shannon Williamson', '2024-11-20', 'Player continue stand price.');
INSERT INTO respuestas_soporte (ticket_id, agente, fecha, mensaje) VALUES (19, 'Patrick Payne', '2024-12-07', 'Face property where manage property hospital recently.');
INSERT INTO respuestas_soporte (ticket_id, agente, fecha, mensaje) VALUES (25, 'Jason Coleman', '2024-06-16', 'Lead nor action few population.');
INSERT INTO respuestas_soporte (ticket_id, agente, fecha, mensaje) VALUES (4, 'Lisa Williams', '2025-05-24', 'While life rich everybody word group.');
INSERT INTO respuestas_soporte (ticket_id, agente, fecha, mensaje) VALUES (26, 'Kathy Bailey', '2025-03-07', 'Hospital artist pretty goal rest fund resource.');
INSERT INTO respuestas_soporte (ticket_id, agente, fecha, mensaje) VALUES (10, 'Diana Farmer', '2024-10-01', 'Attention stuff low while paper Congress.');
INSERT INTO respuestas_soporte (ticket_id, agente, fecha, mensaje) VALUES (28, 'Katie Hopkins', '2024-09-14', 'Recently open oil once.');
INSERT INTO respuestas_soporte (ticket_id, agente, fecha, mensaje) VALUES (18, 'Andrea Johnson', '2025-03-17', 'Discuss professor material quickly.');
INSERT INTO respuestas_soporte (ticket_id, agente, fecha, mensaje) VALUES (29, 'David Ingram', '2025-05-28', 'Black thing rock himself wind.');
INSERT INTO respuestas_soporte (ticket_id, agente, fecha, mensaje) VALUES (12, 'Amy King', '2024-06-20', 'Kid hear piece ahead.');
INSERT INTO respuestas_soporte (ticket_id, agente, fecha, mensaje) VALUES (29, 'Brian Cole', '2024-07-27', 'News cultural make quickly different score its.');